artistUsername,genre,language,title,duration,dateReleased,dayRank,monthRank,weekRank,dislikes,likes,songID
320,pop,West Frisian,Dancing in the Moonlight,3.35,3/30/2005,1577,6463,2211,322643,475516,1
486,electronic,Catalan,Electric Dreams,1.55,11/24/2006,9506,8459,4197,253281,895154,2
266,jazz,Somali,Serenade of the Stars,2.35,12/10/1965,5207,8679,6488,466466,695771,3
116,folk,Swedish,Sunshine Day,2.55,11/11/1969,3429,7447,3720,248228,703778,4
100,pop,Thai,Electric Dreams,2.15,6/26/1962,3911,9668,8918,186673,456980,5
317,classical,Tajik,Serenade of the Stars,1.50,7/19/1997,6924,5622,5602,914355,976682,6
7,jazz,Guaraní,Melodies of Love,0.40,3/22/2022,7321,9871,5149,662599,273149,7
236,classical,Filipino,Rhythm of the Night,2.55,3/8/1988,1635,7976,2600,45625,34832,8
544,pop,Tetum,Sunshine Day,4.20,9/24/2014,7259,4529,2902,899257,115252,9
865,hip hop,Kyrgyz,Melodies of Love,2.35,11/6/1951,467,269,5220,855346,26493,10
537,jazz,German,Melodies of Love,1.40,10/10/1963,9248,3927,7177,354159,266622,11
870,country,Kashmiri,Serenade of the Stars,3.35,9/27/1957,3526,867,8440,893120,930671,12
442,rock,Amharic,Electric Dreams,0.59,10/15/1959,7430,8760,6503,458466,225149,13
92,electronic,Mongolian,Harmony in Motion,1.30,6/24/1955,8797,2867,2897,118454,872395,14
426,folk,Somali,Dancing in the Moonlight,2.25,9/16/1972,1409,1777,5881,625824,779358,15
628,reggae,Assamese,Midnight Serenade,3.30,6/1/1962,6605,4832,9522,613332,399525,16
540,classical,Dzongkha,Sunshine Day,3.05,9/6/1998,5286,1554,351,226921,243979,17
668,reggae,Burmese,Midnight Serenade,5.20,9/25/1999,5163,8439,8768,910824,57710,18
217,folk,French,Summer Breeze,2.40,5/10/1979,2375,3325,6084,10058,600626,19
971,pop,Hebrew,Harmony in Motion,5.25,9/25/1957,7107,6441,9686,573193,995675,20
295,electronic,Icelandic,Whispering Wind,5.25,10/19/2015,4954,8750,8361,922038,272465,21
854,country,English,Summer Breeze,0.45,5/4/1970,6222,6399,8302,11652,558154,22
190,jazz,Belarusian,Dancing in the Moonlight,2.40,6/29/1962,1059,9813,5167,267530,164191,23
846,pop,Latvian,Sunshine Day,2.55,9/4/1976,8440,9147,5214,348157,256609,24
572,pop,Telugu,Melodies of Love,2.50,12/27/2022,5470,5069,7165,591133,386609,25
357,jazz,Zulu,Serenade of the Stars,5.25,10/27/1985,600,6880,6715,147530,815032,26
378,folk,New Zealand Sign Language,Midnight Serenade,4.50,6/15/2006,3943,8427,3001,555271,327569,27
37,country,Lithuanian,Harmony in Motion,4.30,9/19/2005,4318,5064,9555,577992,698414,28
364,reggae,Papiamento,Rhythm of the Night,5.10,3/23/2007,9215,5980,3313,725449,938712,29
549,reggae,Papiamento,Serenade of the Stars,1.35,1/27/1971,6603,6636,6985,173802,214127,30
574,metal,Swati,Rhythm of the Night,3.15,2/27/2022,2763,3560,7624,801226,676172,31
913,jazz,Dzongkha,Melodies of Love,4.10,6/5/2009,2666,8260,9291,106651,402637,32
62,metal,Filipino,Electric Dreams,3.20,1/29/2021,5806,2291,7132,272284,269112,33
568,pop,Assamese,Whispering Wind,2.55,3/21/1997,5405,7600,9739,853741,739066,34
321,jazz,Amharic,Electric Dreams,0.15,7/6/1992,6054,5043,9781,48071,11937,35
877,pop,Bengali,Serenade of the Stars,0.30,4/4/1994,2257,1146,1625,74223,463647,36
149,hip hop,Malagasy,Whispering Wind,2.30,5/25/1960,9065,159,9410,414282,63540,37
305,folk,Persian,Sunshine Day,2.25,8/16/1965,140,757,2244,190869,292744,38
268,country,Catalan,Melodies of Love,1.20,2/14/2019,4305,4053,9235,362572,518242,39
435,metal,Portuguese,Midnight Serenade,2.35,1/3/2002,8972,6736,401,70393,199594,40
686,hip hop,New Zealand Sign Language,Electric Dreams,3.35,9/12/1956,8032,5136,8988,564734,46725,41
526,reggae,Quechua,Melodies of Love,0.15,5/30/1960,1268,7325,7134,226379,402889,42
860,hip hop,Latvian,Sunshine Day,0.30,6/12/2015,82,4387,105,104582,953352,43
330,folk,Danish,Sunshine Day,0.35,2/3/1991,3772,4861,2954,337701,921515,44
891,electronic,Burmese,Rhythm of the Night,5.05,7/6/1992,7324,9274,2478,332831,509681,45
631,rock,Sotho,Electric Dreams,4.20,5/28/1980,6746,3583,855,45748,468307,46
824,jazz,Portuguese,Melodies of Love,5.20,4/17/1969,6897,4942,9489,874543,913378,47
141,hip hop,Aymara,Whispering Wind,2.20,7/15/1993,8458,3166,7452,426003,846236,48
583,jazz,French,Harmony in Motion,3.05,9/5/2008,7296,479,6036,847497,679998,49
218,rock,Pashto,Sunshine Day,0.30,2/24/2021,4754,6396,6387,22274,72587,50
186,country,Arabic,Harmony in Motion,1.20,2/2/2011,8124,3318,2377,499809,280053,51
785,country,Kurdish,Whispering Wind,5.00,3/29/2005,6789,716,5036,70180,733844,52
519,reggae,Yiddish,Melodies of Love,3.45,4/29/1982,2191,2801,316,524023,821150,53
855,folk,Catalan,Summer Breeze,0.15,5/18/1991,1853,8681,8541,125147,880099,54
348,country,Macedonian,Rhythm of the Night,3.10,2/26/1962,4281,9199,2666,5974,140916,55
536,jazz,Malay,Summer Breeze,2.55,1/27/1966,1561,6382,8002,636758,125311,56
709,reggae,Guaraní,Melodies of Love,5.45,8/3/1951,4771,1022,7463,592579,368349,57
821,classical,Tamil,Electric Dreams,3.40,5/25/1986,361,5636,3075,519717,872319,58
23,classical,Polish,Electric Dreams,4.10,4/30/1965,312,9933,9100,72847,523095,59
32,reggae,Burmese,Melodies of Love,4.45,5/21/2014,9457,7835,8230,475255,311497,60
312,jazz,Hungarian,Summer Breeze,5.15,3/11/2001,1528,4328,7759,851598,22238,61
717,metal,Belarusian,Midnight Serenade,0.50,3/8/2010,6405,5626,7147,497088,622709,62
325,classical,Hebrew,Serenade of the Stars,1.40,5/17/1956,3244,6703,3029,706690,195386,63
257,rock,Yiddish,Serenade of the Stars,1.45,9/12/2013,7199,2513,8135,300368,573911,64
884,folk,Amharic,Electric Dreams,5.30,8/14/1956,5403,2072,2504,195971,286496,65
267,rock,Arabic,Melodies of Love,5.10,7/11/1971,8070,7948,4529,957875,458503,66
801,jazz,Tamil,Whispering Wind,0.30,9/29/1968,1427,3183,8596,868359,162543,67
99,country,Zulu,Harmony in Motion,4.45,8/11/2015,2812,3082,4066,889293,544624,68
961,reggae,Zulu,Sunshine Day,1.05,3/30/2019,2382,6486,837,772777,945258,69
818,classical,Pashto,Rhythm of the Night,0.55,8/25/1964,4394,6288,8592,278629,902828,70
114,classical,Ndebele,Harmony in Motion,2.55,5/6/1997,7678,1262,52,690670,594295,71
736,reggae,Marathi,Midnight Serenade,3.45,9/13/2014,7643,2738,6117,219202,997428,72
102,reggae,Kannada,Melodies of Love,5.05,6/8/2018,1263,8709,8741,826386,331434,73
495,electronic,Assamese,Summer Breeze,2.35,2/2/2017,7478,2662,9250,291624,703007,74
918,country,Portuguese,Serenade of the Stars,5.35,4/14/1976,8610,9774,1608,582419,536782,75
139,rock,Gagauz,Sunshine Day,1.50,11/29/1966,9812,8826,1188,44246,963884,76
585,folk,West Frisian,Dancing in the Moonlight,0.50,8/12/1964,5960,9434,4566,910093,472472,77
145,country,Tok Pisin,Harmony in Motion,1.20,11/8/2010,6029,1919,438,168908,669201,78
812,jazz,Malayalam,Whispering Wind,2.30,7/17/1962,4282,1611,9618,503175,40590,79
824,folk,Irish Gaelic,Melodies of Love,5.15,5/30/1987,7476,318,8357,88929,72098,80
563,reggae,West Frisian,Serenade of the Stars,3.30,11/4/1978,6485,1272,5204,506566,49515,81
471,jazz,Croatian,Sunshine Day,4.40,10/2/1955,1200,2261,4358,8201,171813,82
194,folk,Pashto,Whispering Wind,5.25,4/30/1955,3109,9556,5144,727248,634587,83
805,rock,Yiddish,Summer Breeze,0.59,6/10/1995,3865,8909,2416,919350,784673,84
664,pop,Māori,Dancing in the Moonlight,5.50,5/7/1999,5960,7109,4387,410819,189898,85
149,folk,Kurdish,Sunshine Day,1.55,11/28/2003,5212,2337,2125,5457,201615,86
476,classical,Italian,Sunshine Day,4.20,11/10/1963,3214,455,7390,508118,365159,87
103,folk,Bislama,Summer Breeze,0.55,4/12/1969,3228,5225,2787,902608,792197,88
154,rock,Thai,Melodies of Love,4.55,7/5/1984,8483,1398,1623,591062,70186,89
58,metal,Tsonga,Sunshine Day,2.50,11/5/2012,2243,5153,1376,244528,381185,90
40,jazz,Bosnian,Harmony in Motion,4.45,6/16/1975,3612,611,4763,361570,477090,91
713,reggae,Indonesian,Serenade of the Stars,0.40,4/30/1969,2415,9888,748,777635,498514,92
22,metal,Tsonga,Dancing in the Moonlight,0.15,11/12/2002,1596,2821,688,960359,722581,93
68,rock,Dhivehi,Serenade of the Stars,4.45,11/6/2008,751,7690,6579,736662,774990,94
784,electronic,Guaraní,Sunshine Day,4.05,6/20/2011,9341,1561,2533,41311,536978,95
643,country,Croatian,Rhythm of the Night,3.55,5/13/1977,334,6002,3845,82513,440840,96
375,reggae,Persian,Rhythm of the Night,2.50,10/30/2012,97,9658,6854,648828,791915,97
560,country,Georgian,Serenade of the Stars,3.05,9/8/1976,1963,9880,5252,130132,663972,98
103,metal,Montenegrin,Melodies of Love,4.45,2/16/1961,3422,7122,9057,768293,636593,99
966,pop,Thai,Dancing in the Moonlight,1.25,10/27/1977,56,1118,1751,77354,175826,100
780,hip hop,Mongolian,Sunshine Day,1.40,7/17/1965,8731,8558,8234,564149,391766,101
713,electronic,Luxembourgish,Harmony in Motion,0.35,12/9/1967,4818,8338,4902,167598,277054,102
30,pop,Persian,Midnight Serenade,5.25,1/11/2002,2180,7975,6181,765840,893402,103
433,electronic,Bosnian,Dancing in the Moonlight,2.10,7/19/1962,7683,2594,7695,279695,303506,104
853,reggae,Tok Pisin,Sunshine Day,5.05,4/23/2011,766,846,9373,286790,777734,105
51,reggae,Belarusian,Sunshine Day,4.20,4/8/1968,9577,3154,8698,555284,195298,106
437,rock,Armenian,Summer Breeze,2.55,6/16/1974,8251,2951,236,245874,380061,107
232,folk,Persian,Harmony in Motion,1.05,10/24/1972,3217,9599,7508,7847,382111,108
467,jazz,Māori,Summer Breeze,0.45,8/17/2008,2615,7645,1731,686896,522504,109
205,classical,Telugu,Sunshine Day,1.45,1/18/2006,3981,1350,9375,750727,702703,110
23,rock,Nepali,Electric Dreams,3.45,12/5/2001,2356,5577,2900,106046,237691,111
887,rock,Northern Sotho,Electric Dreams,1.50,3/3/2001,3019,9922,5626,508549,767692,112
48,folk,Marathi,Harmony in Motion,4.30,3/28/2006,1160,6232,1036,168275,243440,113
351,metal,Norwegian,Rhythm of the Night,4.05,6/29/1953,5906,2622,647,765785,260690,114
134,classical,Malayalam,Electric Dreams,2.40,6/6/1993,4996,6464,9750,342305,427783,115
122,electronic,Montenegrin,Rhythm of the Night,4.20,6/22/1973,3066,7584,7853,715375,987774,116
3,hip hop,Greek,Whispering Wind,4.05,12/7/1998,1389,5119,2067,16817,727752,117
783,metal,Armenian,Midnight Serenade,2.05,5/26/1958,9460,7635,9871,569841,691487,118
771,classical,Malagasy,Summer Breeze,5.35,1/23/1968,2641,6611,321,837954,735213,119
222,metal,Luxembourgish,Sunshine Day,5.20,4/30/1957,1429,3546,677,698855,84105,120
56,classical,Macedonian,Dancing in the Moonlight,1.05,7/4/2005,3717,8202,8629,800350,735353,121
717,pop,Māori,Harmony in Motion,0.59,2/3/2001,3425,6373,3284,23681,261051,122
34,metal,Kyrgyz,Melodies of Love,4.30,11/8/2011,3189,453,7948,142173,828055,123
998,classical,Czech,Serenade of the Stars,2.10,5/3/1966,7332,2795,3771,466468,442963,124
11,rock,Yiddish,Harmony in Motion,4.05,12/7/2005,5888,9709,8546,110523,463443,125
763,electronic,Kashmiri,Melodies of Love,3.15,11/14/1968,4095,3267,6429,15149,232062,126
758,classical,Dhivehi,Midnight Serenade,5.25,3/4/2010,401,3965,4527,978570,900330,127
639,rock,Montenegrin,Summer Breeze,4.20,7/24/2018,2176,8140,3988,680008,168437,128
724,rock,Malayalam,Summer Breeze,5.20,12/3/1953,7917,6157,5709,806233,401820,129
6,pop,Romanian,Rhythm of the Night,5.20,3/19/1980,7869,890,2601,72266,643822,130
989,metal,West Frisian,Harmony in Motion,2.55,10/12/1983,1347,733,2811,98115,856578,131
53,metal,Pashto,Midnight Serenade,1.50,5/21/1968,719,9462,4945,75893,235914,132
919,folk,Lithuanian,Melodies of Love,4.45,8/10/1963,2881,9686,3566,629723,944956,133
243,hip hop,West Frisian,Harmony in Motion,5.10,2/6/1982,5698,1495,882,102624,18695,134
941,country,Tajik,Sunshine Day,5.05,12/16/2009,5238,5973,7660,752705,76693,135
997,folk,Lithuanian,Sunshine Day,0.25,6/15/1979,7607,2787,668,999007,266738,136
346,rock,Danish,Rhythm of the Night,0.40,8/20/1965,8489,6305,139,847172,590609,137
311,jazz,Marathi,Whispering Wind,5.00,11/16/1967,7226,27,9826,442822,66486,138
711,folk,Japanese,Dancing in the Moonlight,0.55,5/23/1973,7005,827,5498,164220,619041,139
687,metal,Malagasy,Melodies of Love,3.55,1/23/1976,4677,5991,7109,61128,164473,140
529,rock,Tetum,Serenade of the Stars,5.20,10/20/2013,757,2514,5521,743358,395026,141
862,jazz,Punjabi,Electric Dreams,0.15,4/4/1987,9453,524,4541,434665,338878,142
350,metal,Maltese,Midnight Serenade,3.25,3/24/1976,6636,2626,4457,830860,497243,143
266,rock,Moldovan,Electric Dreams,5.35,8/22/1999,6239,284,8812,492597,308329,144
650,rock,Kazakh,Dancing in the Moonlight,2.40,4/25/1979,9700,6236,9510,8988,625073,145
822,metal,Kazakh,Sunshine Day,1.05,2/27/2003,8351,4980,177,658220,54813,146
793,electronic,Somali,Dancing in the Moonlight,0.25,8/7/1991,7738,9541,9002,609714,513791,147
918,rock,Moldovan,Sunshine Day,0.59,2/21/1956,4679,834,4730,562644,73953,148
553,jazz,Gujarati,Serenade of the Stars,2.15,4/21/1963,2663,8783,2156,488895,143349,149
842,jazz,Irish Gaelic,Summer Breeze,2.55,6/13/2005,574,9674,9469,613646,68226,150
667,folk,Dzongkha,Harmony in Motion,3.45,8/4/2007,7460,9525,702,217352,273521,151
423,folk,Malay,Electric Dreams,2.15,6/4/1989,604,3776,3464,318322,183132,152
640,rock,Burmese,Rhythm of the Night,1.25,1/28/1998,271,2514,4821,852657,427339,153
896,reggae,Tok Pisin,Melodies of Love,5.05,3/5/1953,6748,564,5134,395646,564325,154
349,country,Dhivehi,Summer Breeze,1.50,6/18/1952,3325,968,809,164686,868011,155
307,folk,Armenian,Dancing in the Moonlight,5.25,3/15/1981,7125,754,4850,320395,260686,156
732,pop,Tswana,Whispering Wind,5.40,4/12/2008,8142,3176,28,662590,546122,157
381,classical,Khmer,Dancing in the Moonlight,3.25,5/6/1955,3117,3801,3855,754837,800936,158
184,rock,Gagauz,Midnight Serenade,5.05,3/12/2000,1967,8176,2931,957184,478030,159
177,hip hop,Gagauz,Harmony in Motion,0.40,9/6/1989,894,1574,7868,858422,294872,160
27,jazz,Kannada,Melodies of Love,2.55,2/18/1987,8288,8215,6311,516854,949044,161
15,reggae,Japanese,Electric Dreams,2.20,11/10/1988,5499,898,698,686220,424203,162
734,classical,Indonesian,Sunshine Day,5.30,6/15/1997,7790,9275,9707,613057,645322,163
424,pop,Māori,Rhythm of the Night,4.10,1/22/1968,8413,1760,9376,657145,881185,164
856,rock,Spanish,Dancing in the Moonlight,3.00,4/3/2011,5275,961,3972,430231,153667,165
641,country,Montenegrin,Dancing in the Moonlight,2.35,7/22/2013,6799,8685,414,515950,740953,166
492,hip hop,Montenegrin,Melodies of Love,1.55,12/11/1977,3499,1551,645,242939,310132,167
20,hip hop,Kurdish,Whispering Wind,0.40,5/18/2009,7389,8926,7821,841184,482307,168
879,electronic,Portuguese,Electric Dreams,5.30,11/1/2020,387,9988,6542,892970,483747,169
848,folk,Maltese,Dancing in the Moonlight,1.50,3/12/2013,1445,1561,818,944795,134492,170
354,hip hop,Oriya,Sunshine Day,0.20,1/8/1983,9417,4153,3550,791037,794460,171
70,metal,Tsonga,Sunshine Day,0.55,7/15/1980,714,1223,4872,384677,451337,172
271,metal,Macedonian,Whispering Wind,1.55,7/16/1959,1161,9514,7775,902252,385842,173
877,hip hop,Oriya,Serenade of the Stars,4.35,10/5/1993,3948,3660,7662,329994,521948,174
617,jazz,Pashto,Harmony in Motion,4.30,9/11/2002,712,6813,8284,737421,552794,175
537,rock,Polish,Melodies of Love,1.45,7/11/1992,7822,6762,888,771939,748064,176
575,rock,Indonesian,Dancing in the Moonlight,0.45,6/22/2011,6875,8800,2369,690964,606274,177
194,pop,Dzongkha,Midnight Serenade,5.15,7/21/1994,9017,9722,3315,290441,984399,178
604,metal,Italian,Whispering Wind,5.00,4/17/1988,2257,1880,4013,823764,815834,179
717,jazz,Tajik,Melodies of Love,0.59,1/28/2000,2474,1379,4397,347159,824202,180
745,metal,Macedonian,Dancing in the Moonlight,0.55,11/22/2008,7356,4905,8721,942242,181107,181
173,country,Dhivehi,Rhythm of the Night,4.05,3/26/1987,4902,2907,2763,284928,640815,182
241,reggae,Bislama,Whispering Wind,2.30,12/16/1982,7462,5752,4172,871300,648837,183
737,reggae,Amharic,Harmony in Motion,4.55,7/9/1973,791,495,1044,811185,115526,184
386,rock,Gagauz,Melodies of Love,3.25,11/5/1979,1997,3848,8972,126309,114712,185
609,rock,Telugu,Whispering Wind,1.40,8/17/1991,4354,9805,9849,697892,755073,186
3,electronic,Nepali,Whispering Wind,4.10,3/22/1985,1621,7721,7521,768568,637373,187
750,hip hop,Punjabi,Rhythm of the Night,4.45,12/5/1967,4189,4680,6186,567991,155365,188
44,jazz,Montenegrin,Electric Dreams,2.40,7/16/1985,1432,9649,6499,56587,414071,189
509,pop,New Zealand Sign Language,Summer Breeze,0.10,9/1/2015,6141,2948,1723,933238,836529,190
532,rock,Kashmiri,Summer Breeze,3.15,4/4/2023,3427,6649,7448,610192,837845,191
688,electronic,Filipino,Electric Dreams,2.50,8/21/1986,6880,4232,9309,926493,538178,192
851,metal,Belarusian,Melodies of Love,2.10,7/31/1971,5373,55,4125,909926,558184,193
344,hip hop,Swedish,Summer Breeze,2.55,11/16/2007,5620,1925,810,482892,817206,194
432,metal,Assamese,Serenade of the Stars,1.15,10/25/1969,38,5050,1676,149145,92100,195
113,jazz,Tamil,Electric Dreams,2.50,10/21/2018,9288,8382,5806,560250,294899,196
638,electronic,Gagauz,Harmony in Motion,3.35,4/18/1963,3013,2131,3027,691524,468108,197
936,metal,Punjabi,Harmony in Motion,3.20,10/8/1967,9640,8192,348,906837,478502,198
866,classical,Aymara,Electric Dreams,5.05,3/13/2004,6548,1022,3802,511371,803320,199
801,classical,Norwegian,Electric Dreams,0.30,12/28/2013,409,8994,7354,948229,516661,200
781,folk,Bengali,Dancing in the Moonlight,5.10,4/15/2014,2134,7108,9810,463292,969526,201
943,hip hop,Montenegrin,Rhythm of the Night,0.10,8/9/2006,2156,5336,1646,227924,156233,202
138,country,Malay,Harmony in Motion,1.55,1/21/1970,8432,1835,9139,539424,363,203
479,jazz,Arabic,Harmony in Motion,2.25,11/9/2019,7611,7832,9144,21213,187477,204
536,country,Gujarati,Rhythm of the Night,4.30,6/7/2005,6396,6728,2048,248907,783562,205
361,jazz,Hungarian,Harmony in Motion,1.20,5/9/1966,6637,3865,921,987305,649085,206
591,electronic,Danish,Whispering Wind,1.25,6/6/1991,8781,9396,7945,532681,994043,207
422,jazz,Marathi,Serenade of the Stars,3.55,6/22/1987,6171,7379,1478,809795,314486,208
447,classical,Tamil,Serenade of the Stars,2.50,4/18/1972,4623,1725,4171,981886,573206,209
217,metal,Somali,Midnight Serenade,5.20,9/30/1985,3215,1363,2370,349038,356430,210
834,reggae,French,Sunshine Day,1.25,5/19/1998,8765,9297,8721,189292,439208,211
717,reggae,Luxembourgish,Melodies of Love,3.10,5/20/2014,4410,6610,2828,159701,495465,212
682,reggae,Punjabi,Whispering Wind,1.50,4/13/2016,7674,5207,8152,967296,181251,213
814,pop,Montenegrin,Serenade of the Stars,0.50,11/4/1990,4539,7265,4743,375086,634324,214
36,electronic,Hebrew,Midnight Serenade,1.50,3/18/1975,1564,5657,8018,732989,764571,215
66,metal,Malay,Electric Dreams,2.40,12/1/2002,7699,8155,9960,58089,431686,216
896,jazz,Malagasy,Harmony in Motion,2.55,7/21/2020,1703,6107,551,660372,156515,217
375,country,Kannada,Rhythm of the Night,2.40,7/21/1992,8486,1779,1974,549686,736207,218
225,pop,Finnish,Electric Dreams,1.05,5/29/2016,2331,373,7737,591637,61599,219
211,country,Portuguese,Summer Breeze,5.15,1/22/2014,3106,8896,7825,538077,281546,220
933,electronic,Tok Pisin,Summer Breeze,0.40,7/7/1955,2657,4857,3094,499719,463233,221
850,hip hop,Moldovan,Dancing in the Moonlight,0.59,6/29/1954,131,9609,481,522725,862758,222
942,reggae,Somali,Melodies of Love,0.45,7/24/1959,2451,4023,2372,766274,373755,223
551,reggae,Aymara,Whispering Wind,0.40,4/22/1962,1150,8490,4981,637917,146149,224
270,metal,Persian,Sunshine Day,2.15,3/12/1963,645,3132,3645,358736,438685,225
15,rock,Aymara,Rhythm of the Night,4.05,10/31/1989,6875,3639,8008,596000,972805,226
636,jazz,Zulu,Dancing in the Moonlight,1.20,6/10/1962,1802,3081,1053,936120,504048,227
389,electronic,Persian,Dancing in the Moonlight,1.20,3/21/1961,5777,481,973,455235,732115,228
641,pop,Kannada,Serenade of the Stars,2.30,6/27/1968,4298,3346,6804,220948,145406,229
109,electronic,Telugu,Summer Breeze,0.25,9/6/1953,7593,304,6001,298921,197801,230
496,electronic,Spanish,Dancing in the Moonlight,3.05,8/9/1990,2106,481,2162,142004,253358,231
66,classical,Hindi,Melodies of Love,1.45,6/3/1976,4266,6078,831,656031,249816,232
119,classical,Dzongkha,Electric Dreams,2.05,3/30/1972,9446,6445,7745,412662,962889,233
10,classical,German,Whispering Wind,2.15,6/26/1960,6026,4478,3988,351402,971235,234
640,jazz,Thai,Melodies of Love,5.05,3/29/2019,4028,8283,383,356632,807295,235
249,reggae,French,Dancing in the Moonlight,2.20,10/29/1961,7213,757,5092,277469,344353,236
671,jazz,Ndebele,Melodies of Love,1.30,5/19/2020,4439,32,3685,914105,301316,237
43,country,Latvian,Melodies of Love,4.10,5/2/1959,343,204,7489,244584,797922,238
568,country,Danish,Dancing in the Moonlight,1.05,6/26/1957,3561,3542,796,381821,924983,239
431,jazz,Tajik,Sunshine Day,4.05,7/23/2018,7186,2490,362,813692,537799,240
644,pop,Bosnian,Summer Breeze,4.40,7/11/1968,9854,8054,5931,508790,761889,241
222,electronic,Lithuanian,Melodies of Love,3.20,5/9/2020,4325,9760,453,993776,535447,242
845,electronic,Tajik,Harmony in Motion,3.20,7/9/1999,3095,8646,3150,38190,51968,243
677,classical,Estonian,Summer Breeze,4.35,3/14/2017,4021,7663,5654,883870,59750,244
327,classical,Mongolian,Electric Dreams,0.15,10/14/2021,903,3714,2011,310305,322229,245
687,country,Khmer,Melodies of Love,3.05,11/16/2007,4111,1573,4723,284510,142635,246
647,jazz,Assamese,Sunshine Day,1.50,9/6/1957,3438,4605,3202,382692,403005,247
65,jazz,Papiamento,Dancing in the Moonlight,0.15,8/17/2007,8893,3392,4403,544174,810992,248
23,metal,Spanish,Sunshine Day,2.10,8/13/1960,460,4923,4224,815845,273906,249
321,pop,Latvian,Dancing in the Moonlight,1.30,5/12/1996,8987,3140,4305,68249,953969,250
258,rock,Moldovan,Rhythm of the Night,5.40,8/10/1971,3664,4455,204,585369,995500,251
887,folk,Kannada,Dancing in the Moonlight,4.50,7/23/2001,8585,4705,9863,936760,781839,252
113,country,Catalan,Whispering Wind,2.55,11/24/1973,7518,6786,426,713092,388644,253
916,rock,Malagasy,Melodies of Love,4.35,3/6/2013,1227,8440,793,787704,530409,254
131,rock,Hungarian,Summer Breeze,1.35,12/12/1957,9350,7767,9178,837368,514427,255
844,country,Telugu,Electric Dreams,3.40,2/13/1981,5589,3646,2699,305412,272292,256
764,rock,Papiamento,Electric Dreams,2.10,11/19/1999,2803,3580,6682,121368,311009,257
928,electronic,Catalan,Summer Breeze,4.15,4/16/1972,9528,3567,5515,514645,138418,258
248,folk,Spanish,Rhythm of the Night,1.30,8/1/1951,3535,1843,6893,489008,357042,259
343,folk,Chinese,Midnight Serenade,0.10,7/14/2016,1698,9330,7474,606683,569537,260
778,pop,Khmer,Dancing in the Moonlight,1.05,5/20/1991,7815,2104,2327,91272,867727,261
119,metal,Czech,Electric Dreams,3.15,12/25/1992,4499,9479,3421,934113,111597,262
521,rock,Greek,Electric Dreams,5.20,6/24/1997,2721,7081,4588,740543,420349,263
249,pop,New Zealand Sign Language,Serenade of the Stars,0.40,8/7/1958,8487,7620,4198,960318,398081,264
8,metal,Dutch,Sunshine Day,0.20,11/13/2015,6488,2688,5382,70058,791343,265
495,jazz,Japanese,Electric Dreams,2.35,5/17/2002,3726,2227,5705,863173,181823,266
242,folk,Persian,Harmony in Motion,3.40,5/23/1972,3689,9336,414,649307,919284,267
473,country,Yiddish,Whispering Wind,5.05,11/30/1967,9581,7969,4502,869090,712213,268
507,country,Amharic,Melodies of Love,3.25,1/13/1982,758,7654,7381,424947,434693,269
53,metal,Portuguese,Melodies of Love,3.55,11/17/2008,7288,2000,5102,37136,195972,270
935,electronic,Czech,Midnight Serenade,4.35,6/16/1992,665,3293,6771,966973,457254,271
67,metal,Mongolian,Harmony in Motion,5.30,5/9/1965,1293,9588,2620,986891,145346,272
757,rock,Somali,Serenade of the Stars,5.10,2/1/1997,490,6314,547,667661,989104,273
48,country,Papiamento,Summer Breeze,0.59,3/11/1969,5511,9762,5113,709372,443589,274
875,country,Luxembourgish,Harmony in Motion,3.15,7/24/2012,6892,1895,7009,863806,726884,275
520,pop,Hindi,Rhythm of the Night,0.10,7/22/1966,3143,7897,232,557949,781800,276
376,country,Oriya,Serenade of the Stars,0.40,10/1/1952,2462,9821,6218,439799,420132,277
695,pop,Tamil,Harmony in Motion,5.10,8/1/1966,8016,156,7312,302920,847285,278
556,jazz,Guaraní,Sunshine Day,2.05,12/12/1983,3420,8804,7796,251610,954924,279
309,hip hop,Marathi,Harmony in Motion,4.45,7/19/2008,9150,3083,7064,830986,822430,280
842,rock,Belarusian,Whispering Wind,5.25,2/10/2007,6965,4231,8599,727672,299012,281
554,reggae,Moldovan,Serenade of the Stars,5.30,5/13/2007,2302,2677,5268,107077,45417,282
932,jazz,Ndebele,Rhythm of the Night,1.45,1/15/1957,7999,1147,9639,624652,241760,283
750,rock,Azeri,Serenade of the Stars,0.35,7/7/1991,5850,1971,7995,624255,196479,284
986,hip hop,Montenegrin,Melodies of Love,2.40,10/31/1986,5939,6768,4562,563648,146740,285
333,electronic,Indonesian,Serenade of the Stars,4.50,3/14/2005,7277,9002,3395,426849,385842,286
403,metal,Māori,Harmony in Motion,5.05,4/22/2005,9700,8751,2201,745602,158096,287
647,jazz,Arabic,Sunshine Day,2.15,5/21/2006,3119,686,4728,114092,543856,288
125,rock,Armenian,Whispering Wind,5.30,8/17/1951,4659,2322,5159,637490,284069,289
568,country,Kashmiri,Summer Breeze,5.10,10/22/2004,5722,6503,5327,871610,7487,290
472,rock,Bulgarian,Melodies of Love,2.30,10/14/1951,5057,6698,2430,127387,339644,291
906,folk,Yiddish,Whispering Wind,5.30,9/21/1981,8788,7305,6845,43383,322099,292
387,metal,Icelandic,Dancing in the Moonlight,1.30,11/8/2021,1752,6019,4590,884654,698678,293
224,electronic,Sotho,Rhythm of the Night,0.45,7/23/2021,1248,9311,2203,102722,426360,294
633,country,Telugu,Sunshine Day,0.45,10/23/2009,2080,1523,9591,830296,650047,295
843,hip hop,Latvian,Summer Breeze,0.40,10/29/1969,6422,7725,125,984748,941224,296
521,folk,Burmese,Summer Breeze,5.25,10/24/1987,1662,2700,9094,334161,208248,297
70,reggae,Romanian,Whispering Wind,3.00,2/15/1965,4063,747,1544,773217,417303,298
560,country,Dutch,Serenade of the Stars,3.20,9/5/1996,6174,6706,6785,297412,947943,299
428,reggae,Indonesian,Electric Dreams,0.55,10/15/2019,5838,6631,9436,475515,839895,300
775,classical,Gagauz,Sunshine Day,2.50,6/2/1954,9636,8659,1213,352568,31965,301
901,metal,Kazakh,Rhythm of the Night,3.40,1/12/2006,1712,7675,1849,469640,865777,302
562,rock,Maltese,Harmony in Motion,4.20,7/17/1969,2723,8033,8681,948646,380646,303
111,pop,Norwegian,Electric Dreams,2.40,6/11/1991,3599,8721,1247,183707,503317,304
280,hip hop,Malayalam,Melodies of Love,1.15,3/24/2001,2494,8515,5652,155709,851945,305
777,hip hop,Tamil,Melodies of Love,5.10,10/24/2006,8244,9193,9540,212163,242475,306
557,pop,Maltese,Dancing in the Moonlight,0.35,8/13/2016,6074,886,6713,389572,402310,307
567,folk,Tajik,Electric Dreams,1.55,7/1/1961,1476,5222,3526,190015,854931,308
709,classical,Zulu,Harmony in Motion,0.50,7/15/1959,5905,9679,4035,98867,313019,309
538,folk,Luxembourgish,Serenade of the Stars,5.25,5/24/1964,8326,509,4950,291103,315666,310
819,country,Mongolian,Melodies of Love,3.10,10/16/1986,911,5256,4620,156689,789740,311
886,pop,Chinese,Midnight Serenade,5.10,2/13/1999,9619,5008,296,835492,751573,312
523,rock,Norwegian,Whispering Wind,2.40,3/20/2022,5250,5259,879,764354,556184,313
584,pop,Dutch,Summer Breeze,0.25,2/5/1973,2576,534,2265,807413,809638,314
140,electronic,Telugu,Sunshine Day,4.30,9/16/1978,8333,5191,7284,920821,399836,315
418,electronic,English,Serenade of the Stars,2.50,9/9/2006,2366,5017,9150,367841,497679,316
110,metal,Armenian,Rhythm of the Night,2.10,7/10/2010,1085,7959,2,881355,647690,317
127,metal,Estonian,Melodies of Love,4.35,11/3/1979,4711,4318,7345,606796,392582,318
527,pop,Sotho,Serenade of the Stars,2.40,7/1/2007,5616,3371,8989,821904,744979,319
563,pop,Malay,Midnight Serenade,3.40,3/1/1951,5241,5787,3545,143161,516686,320
301,jazz,Chinese,Dancing in the Moonlight,3.10,8/10/2018,4501,2227,6064,153151,121847,321
542,country,Armenian,Electric Dreams,1.05,1/21/2008,8513,5487,4151,426733,71800,322
719,folk,Swati,Melodies of Love,4.45,11/23/1992,8342,8764,9997,249563,227294,323
117,folk,Tsonga,Whispering Wind,0.45,6/1/2022,9567,2976,6734,120080,509168,324
986,electronic,Gujarati,Midnight Serenade,0.25,11/23/2006,6723,4845,9408,737816,916007,325
289,classical,Bislama,Serenade of the Stars,5.10,8/17/1979,6421,286,6673,852987,432174,326
341,reggae,Kannada,Serenade of the Stars,1.50,11/23/1952,1278,7916,1974,208918,644223,327
195,folk,Kazakh,Harmony in Motion,3.05,3/8/1956,2572,2687,9750,29410,71083,328
518,metal,Dari,Sunshine Day,2.05,9/27/1986,484,1162,338,575438,111339,329
269,hip hop,Bislama,Sunshine Day,4.55,9/9/1996,6419,3629,3807,427024,696003,330
569,rock,Irish Gaelic,Summer Breeze,0.10,12/28/1983,5994,5467,7326,318600,59408,331
105,hip hop,Tajik,Summer Breeze,2.20,8/21/1972,3738,2184,5367,745163,770988,332
242,reggae,Chinese,Electric Dreams,1.40,11/16/1964,6349,4627,9909,788184,601538,333
902,folk,Spanish,Harmony in Motion,1.50,3/30/2014,7233,7665,9496,250727,207188,334
815,reggae,Armenian,Summer Breeze,3.30,2/9/1998,7642,1410,3993,92562,7029,335
706,electronic,Bislama,Summer Breeze,3.05,6/1/1960,8316,992,8576,694551,251950,336
795,reggae,Khmer,Summer Breeze,2.30,10/22/1984,4066,7501,1469,10027,289686,337
25,jazz,Marathi,Serenade of the Stars,2.30,3/13/2021,2776,5231,1553,214977,808237,338
764,classical,English,Harmony in Motion,3.00,9/24/1977,4217,5481,143,985937,121105,339
650,metal,Hebrew,Midnight Serenade,5.20,3/22/1997,4526,9288,7690,537425,131337,340
377,reggae,Tok Pisin,Midnight Serenade,0.35,11/19/2023,4257,2429,152,722320,541274,341
694,hip hop,Tamil,Electric Dreams,2.55,7/30/2010,5845,8200,7089,814813,424736,342
31,folk,Moldovan,Electric Dreams,2.10,9/30/1989,8789,6276,1516,691299,521926,343
522,rock,French,Whispering Wind,4.15,10/29/2023,4037,4931,5160,638036,689697,344
603,folk,Portuguese,Whispering Wind,5.20,4/14/1956,7276,2919,2217,486085,319085,345
449,pop,Greek,Rhythm of the Night,3.30,10/24/2018,8405,4541,8992,683226,732165,346
137,folk,Somali,Electric Dreams,2.40,12/13/2011,7888,9230,1960,103509,948055,347
375,hip hop,Hiri Motu,Sunshine Day,2.50,4/20/1983,5507,1813,9410,134999,945959,348
400,rock,Sotho,Melodies of Love,3.30,10/21/1964,1655,1899,7998,36391,849354,349
918,folk,Bosnian,Whispering Wind,2.15,9/4/1952,5680,955,6157,195077,6620,350
366,electronic,Persian,Harmony in Motion,4.20,7/6/2015,9527,8970,6957,489927,881503,351
412,folk,Romanian,Midnight Serenade,2.15,5/16/1960,584,5046,3568,781293,289835,352
478,country,Oriya,Rhythm of the Night,4.35,5/18/1956,9592,4241,771,122106,526748,353
917,electronic,Greek,Dancing in the Moonlight,0.30,7/26/1952,5750,1797,9168,734995,314623,354
996,folk,Bengali,Rhythm of the Night,1.50,5/16/2003,9075,2415,6292,940043,877189,355
883,electronic,Bislama,Melodies of Love,1.45,6/7/1992,1585,9401,5408,201718,69879,356
362,jazz,Azeri,Midnight Serenade,2.50,6/20/1986,192,144,5106,118554,64824,357
958,reggae,Tajik,Sunshine Day,3.55,7/13/2018,9465,7907,2923,23434,360325,358
731,jazz,Tswana,Serenade of the Stars,0.30,3/23/1998,2417,5130,5084,192304,206922,359
333,pop,Tsonga,Rhythm of the Night,1.50,11/24/2016,1951,284,7804,245550,949886,360
589,pop,Kyrgyz,Melodies of Love,4.05,1/14/1968,8332,9386,8112,302717,784398,361
70,folk,Kannada,Rhythm of the Night,4.35,11/6/2016,6205,4028,7003,529640,689358,362
47,hip hop,Dzongkha,Sunshine Day,1.20,11/4/1989,6753,1521,2301,69266,741306,363
150,electronic,Afrikaans,Summer Breeze,1.20,12/8/1966,9418,6272,5980,113347,922497,364
506,country,Malay,Rhythm of the Night,4.15,4/2/1988,6334,1341,4114,396662,199623,365
990,pop,Gagauz,Midnight Serenade,3.55,12/19/1991,2389,3417,9076,857875,878636,366
552,reggae,Luxembourgish,Serenade of the Stars,4.30,2/23/1975,7774,2235,6721,603200,240923,367
646,rock,Lithuanian,Midnight Serenade,2.55,8/12/1970,2046,8424,2402,26409,776209,368
571,country,Oriya,Electric Dreams,5.40,11/15/1973,4307,5215,4451,87973,513985,369
649,jazz,Malayalam,Whispering Wind,0.59,12/10/1993,2353,7603,6086,357092,865159,370
957,rock,Portuguese,Midnight Serenade,1.30,6/16/1974,3072,600,8315,610287,410050,371
120,pop,Assamese,Serenade of the Stars,5.05,8/15/1973,6499,6988,3797,794539,926921,372
673,pop,Azeri,Rhythm of the Night,5.30,5/22/2003,7858,4728,1554,814704,628397,373
485,folk,Oriya,Electric Dreams,3.10,1/7/2001,6135,7421,2969,915784,62715,374
438,pop,Finnish,Serenade of the Stars,0.55,2/28/1956,1549,1439,84,525109,177780,375
575,hip hop,Czech,Melodies of Love,4.30,10/27/1980,9037,2970,3662,684139,295706,376
237,hip hop,Armenian,Whispering Wind,1.55,5/18/1987,4503,1323,5824,727456,579737,377
291,rock,Italian,Midnight Serenade,5.45,9/26/2021,7262,5799,7140,189114,9548,378
973,pop,Chinese,Melodies of Love,3.20,9/29/1994,1987,5356,9531,242174,574923,379
169,rock,Pashto,Electric Dreams,3.40,7/4/2007,961,7401,3178,161906,312314,380
529,rock,Bislama,Melodies of Love,1.50,2/23/1991,5852,6279,3280,782110,935454,381
92,jazz,Mongolian,Harmony in Motion,0.40,11/12/1972,7060,8331,248,533532,187465,382
988,classical,Māori,Serenade of the Stars,5.30,12/9/1951,8466,7212,9767,940182,891426,383
861,electronic,Tamil,Serenade of the Stars,0.55,5/10/1995,7272,7315,2857,179428,970064,384
344,jazz,Swedish,Summer Breeze,2.35,8/7/1976,2174,3790,2700,318727,113706,385
638,metal,Maltese,Serenade of the Stars,4.02,9/3/1953,5303,6010,3544,452524,338241,386
488,reggae,Arabic,Rhythm of the Night,3.55,4/25/2006,5255,8147,5182,582252,436227,387
460,hip hop,Tswana,Melodies of Love,3.55,4/24/1956,8046,9469,4623,53406,521196,388
57,rock,Malay,Electric Dreams,2.10,3/5/2018,4427,7701,3496,742616,741027,389
37,reggae,Luxembourgish,Harmony in Motion,2.35,4/12/2015,6244,4854,7729,416483,311602,390
177,reggae,Kurdish,Sunshine Day,5.35,7/25/2014,7748,5681,1834,351202,933591,391
558,reggae,Somali,Melodies of Love,3.55,8/7/2020,4743,1888,6219,533894,63089,392
166,jazz,Sotho,Harmony in Motion,3.40,9/13/2005,8355,8989,7678,570369,324370,393
866,electronic,Azeri,Dancing in the Moonlight,5.35,5/27/2017,7057,6968,8036,485262,761107,394
185,jazz,Punjabi,Electric Dreams,0.40,11/9/1983,1195,1588,5880,352698,847086,395
287,pop,Somali,Midnight Serenade,4.05,10/3/2022,5808,1474,6599,942925,717008,396
655,metal,Lithuanian,Electric Dreams,5.40,1/3/1977,2512,8929,6143,105070,298269,397
387,jazz,Punjabi,Serenade of the Stars,2.45,3/9/1975,1841,1020,4374,653314,914869,398
209,pop,Dari,Dancing in the Moonlight,1.35,12/25/1978,7118,3591,4600,541035,549375,399
566,classical,Icelandic,Serenade of the Stars,5.10,11/14/1956,2268,4918,3360,745696,914198,400
827,pop,New Zealand Sign Language,Summer Breeze,3.55,3/14/1956,6426,4443,5041,27077,203989,401
429,reggae,Kurdish,Electric Dreams,4.45,10/25/1960,3026,6162,4442,166333,942341,402
483,electronic,Azeri,Whispering Wind,3.05,1/12/1988,9598,4709,8008,634451,219825,403
868,reggae,Indonesian,Serenade of the Stars,3.40,2/27/2016,20,6448,64,90179,806658,404
646,electronic,Mongolian,Sunshine Day,1.05,4/20/1956,2770,665,4326,135381,720999,405
262,metal,Pashto,Electric Dreams,2.10,8/8/1969,51,6095,581,235386,423854,406
883,classical,Korean,Dancing in the Moonlight,0.40,5/8/1984,5750,659,6325,92383,38762,407
960,hip hop,Portuguese,Summer Breeze,0.30,12/18/1950,690,3593,9055,309358,703387,408
136,country,Assamese,Midnight Serenade,2.55,9/28/1971,2545,6892,8532,806246,600295,409
503,jazz,Malay,Serenade of the Stars,2.55,2/20/1984,7831,785,2350,876660,397369,410
724,rock,Icelandic,Melodies of Love,4.15,9/4/1951,1111,6095,1838,290009,300482,411
770,classical,Aymara,Rhythm of the Night,4.02,1/23/1954,6286,6131,9879,999358,970965,412
8,jazz,Tetum,Harmony in Motion,5.50,3/19/1991,6061,5498,5079,154855,988963,413
492,classical,Telugu,Rhythm of the Night,5.45,10/11/1992,1677,2259,5545,746304,562358,414
441,reggae,Hungarian,Sunshine Day,3.20,7/8/1957,7070,1430,9577,335089,973473,415
284,jazz,Chinese,Dancing in the Moonlight,0.59,7/26/2017,8241,7269,5116,400415,140297,416
887,classical,Aymara,Sunshine Day,4.50,2/24/1997,3478,8608,5663,834864,809717,417
809,rock,Tetum,Harmony in Motion,0.35,8/24/1994,4385,1912,5066,535576,320988,418
506,jazz,Hebrew,Rhythm of the Night,0.15,8/12/1956,1169,6284,7249,911964,975759,419
17,classical,Assamese,Electric Dreams,1.25,6/20/1976,7941,2015,8028,862528,523671,420
881,folk,Quechua,Melodies of Love,2.55,2/4/1975,2248,3808,830,237443,984328,421
364,country,Croatian,Serenade of the Stars,4.05,4/12/1972,3304,9445,3148,843349,270606,422
186,classical,Pashto,Midnight Serenade,0.40,10/1/1974,2278,89,8362,794019,866231,423
457,rock,Punjabi,Summer Breeze,3.10,6/23/1993,2665,537,1176,135410,309862,424
380,pop,Thai,Summer Breeze,1.25,8/29/1958,2558,900,859,241578,681823,425
329,classical,Haitian Creole,Harmony in Motion,0.15,7/30/1984,7651,9218,8146,629899,740894,426
894,country,Nepali,Serenade of the Stars,0.55,7/29/1959,3058,8451,4993,952537,727785,427
360,country,Sotho,Midnight Serenade,3.20,9/16/2010,1325,8738,9412,497728,531532,428
198,country,German,Summer Breeze,1.40,2/16/1991,8181,4990,8916,213228,710808,429
117,metal,Danish,Melodies of Love,1.35,1/7/1981,6664,1661,3946,895262,528176,430
666,folk,Burmese,Whispering Wind,5.10,10/30/2015,7870,6795,7900,782415,957159,431
778,pop,Malagasy,Harmony in Motion,1.45,10/17/2011,7407,4620,9145,478666,576685,432
748,rock,Afrikaans,Rhythm of the Night,1.20,1/1/1958,1989,4485,6282,722713,996294,433
562,country,Romanian,Summer Breeze,4.45,6/7/2005,9825,204,9294,604764,679161,434
92,reggae,Tamil,Sunshine Day,4.15,12/29/1963,7401,4007,1020,206206,749293,435
510,hip hop,Gujarati,Rhythm of the Night,3.55,3/16/1984,3279,6854,1710,452823,147748,436
136,metal,Gujarati,Serenade of the Stars,5.20,4/27/1999,5600,7963,3551,888850,949705,437
634,reggae,Hungarian,Rhythm of the Night,2.50,11/2/2005,669,3255,5693,329067,963512,438
727,folk,Assamese,Harmony in Motion,1.15,1/27/1959,4375,3507,7036,870476,299368,439
437,folk,Persian,Electric Dreams,3.05,10/7/1968,6411,551,4024,331944,435035,440
369,classical,Marathi,Sunshine Day,2.40,11/5/1986,5364,6207,2209,782645,474584,441
864,metal,New Zealand Sign Language,Harmony in Motion,5.00,12/29/1974,3112,6491,4223,862669,946578,442
521,hip hop,Norwegian,Melodies of Love,0.45,5/28/2018,1208,8904,7581,85912,603895,443
22,hip hop,Assamese,Sunshine Day,5.25,5/15/2015,2973,3549,2080,664484,141063,444
460,reggae,Quechua,Midnight Serenade,4.20,10/1/2015,9639,5855,7864,702094,657083,445
583,classical,English,Dancing in the Moonlight,0.25,5/15/2006,9381,8778,5820,704567,804181,446
901,folk,Estonian,Electric Dreams,2.40,1/7/1960,8660,6651,4528,287843,819560,447
959,metal,Danish,Melodies of Love,4.20,12/17/2022,8821,8539,7382,674374,357464,448
1,jazz,Polish,Rhythm of the Night,0.59,2/3/1953,5403,3995,7634,989888,503923,449
186,metal,Pashto,Melodies of Love,4.10,10/31/2008,9407,8331,4842,827524,389285,450
922,electronic,Kazakh,Whispering Wind,1.40,12/29/1969,3422,6640,5961,699128,957896,451
398,classical,Hiri Motu,Melodies of Love,0.15,11/27/2016,9687,3292,6101,824316,962196,452
609,metal,Danish,Sunshine Day,5.30,5/12/2002,6042,9479,2705,182664,54049,453
246,classical,Marathi,Midnight Serenade,2.40,10/9/1981,5834,9641,5961,359414,271510,454
762,metal,Croatian,Summer Breeze,1.40,2/2/2005,9273,9205,8502,361310,281186,455
758,country,Kannada,Melodies of Love,5.25,10/1/1953,7093,813,8820,931546,888616,456
173,electronic,Ndebele,Electric Dreams,1.40,12/5/2009,2115,5545,487,870239,450200,457
643,country,Croatian,Serenade of the Stars,3.45,7/31/1951,8825,5997,2363,164756,474669,458
768,jazz,Tajik,Sunshine Day,1.50,8/16/1975,6832,5084,1705,117276,762096,459
393,country,Gagauz,Rhythm of the Night,2.15,5/4/1981,4322,8993,5176,529963,65855,460
779,electronic,Swati,Melodies of Love,0.20,12/3/2023,209,6354,1381,545523,467320,461
142,hip hop,Haitian Creole,Melodies of Love,4.02,11/5/2014,852,9110,333,522761,31646,462
516,classical,Nepali,Midnight Serenade,1.50,3/3/1988,7131,4358,7035,992074,438014,463
169,classical,Kannada,Rhythm of the Night,3.05,5/18/2009,3551,2235,8338,369047,301797,464
88,metal,Thai,Midnight Serenade,1.35,1/6/1966,4820,8431,965,55739,504154,465
416,folk,Czech,Whispering Wind,2.50,7/7/1952,109,8114,7220,982510,628366,466
679,hip hop,Gujarati,Harmony in Motion,4.50,11/3/2003,5611,3506,9596,886050,750198,467
846,pop,Khmer,Serenade of the Stars,4.15,10/31/1987,8857,1918,6685,45585,956302,468
71,reggae,Lao,Serenade of the Stars,1.50,7/2/1954,9696,7426,9756,471747,245312,469
427,country,Kazakh,Melodies of Love,5.05,12/8/2022,6592,6668,1255,810789,525232,470
64,classical,Guaraní,Dancing in the Moonlight,3.05,12/18/1998,7085,6911,7866,264224,187905,471
815,classical,Bislama,Midnight Serenade,4.02,5/10/1984,3225,9190,7753,935366,270096,472
980,folk,New Zealand Sign Language,Midnight Serenade,3.25,6/2/1957,7797,1051,9940,509569,295511,473
747,pop,Lithuanian,Melodies of Love,4.50,11/15/1959,6582,330,5283,584691,984305,474
129,country,Punjabi,Sunshine Day,0.30,7/15/1996,3013,8047,7531,387887,445475,475
45,pop,Norwegian,Sunshine Day,3.35,3/11/2011,4994,4631,9442,266633,585240,476
46,country,German,Harmony in Motion,5.20,6/18/1990,6466,9716,7092,587290,676417,477
657,jazz,Tamil,Serenade of the Stars,2.25,11/13/1956,907,9047,4435,692398,709836,478
42,hip hop,Hindi,Electric Dreams,0.45,1/15/1995,4379,4949,2148,33479,280507,479
959,hip hop,Tajik,Summer Breeze,4.50,7/1/1960,8199,1891,6483,902289,308424,480
2,hip hop,Pashto,Melodies of Love,0.40,10/10/2020,3352,9519,196,799006,462975,481
782,pop,Thai,Whispering Wind,5.50,1/1/1982,5572,5662,9123,523060,323843,482
379,hip hop,Azeri,Sunshine Day,0.15,9/5/1987,8615,7738,9514,927055,368058,483
878,folk,Quechua,Summer Breeze,2.40,9/27/1973,9405,7450,1546,242898,953502,484
952,classical,Tswana,Whispering Wind,3.20,10/2/2019,5963,620,1470,258189,879239,485
118,electronic,Korean,Dancing in the Moonlight,0.15,1/12/1972,4702,6116,9100,639832,837112,486
162,hip hop,New Zealand Sign Language,Summer Breeze,0.20,11/11/1965,8962,2002,9842,414555,548807,487
392,jazz,Bislama,Serenade of the Stars,0.55,1/28/2000,2026,2876,4432,938132,787756,488
500,electronic,Somali,Melodies of Love,5.15,3/26/1975,5089,6907,895,102680,578654,489
643,classical,Latvian,Whispering Wind,1.20,8/15/1972,666,1979,3933,302385,536931,490
618,folk,Hungarian,Dancing in the Moonlight,1.05,3/7/1992,3533,7793,3221,142945,606788,491
524,pop,Ndebele,Electric Dreams,0.20,6/14/1970,2835,771,2614,847830,66567,492
709,country,Polish,Melodies of Love,0.55,6/22/1987,431,4464,5295,121976,363527,493
839,reggae,Zulu,Dancing in the Moonlight,4.20,10/9/1979,9855,6964,2164,282558,819685,494
125,electronic,Persian,Summer Breeze,3.20,6/13/1976,5402,2934,3111,263534,997308,495
23,jazz,Telugu,Serenade of the Stars,5.15,4/4/1988,9413,2338,3897,654939,847171,496
545,folk,Northern Sotho,Sunshine Day,4.20,4/1/2023,744,3578,8019,981053,457156,497
604,hip hop,Norwegian,Electric Dreams,0.45,2/14/1964,3612,4789,2803,469217,275627,498
64,rock,Tajik,Whispering Wind,0.10,12/18/1954,1269,156,5616,787884,671033,499
479,country,New Zealand Sign Language,Harmony in Motion,3.15,7/20/1954,4705,814,9529,322899,108329,500
83,rock,Swahili,Melodies of Love,4.35,12/17/1976,3062,9416,8740,893679,261351,501
932,metal,Dari,Sunshine Day,0.30,7/3/1953,8598,5159,3275,930385,619468,502
903,reggae,English,Dancing in the Moonlight,0.15,1/23/1980,7269,7556,4111,861770,771158,503
94,reggae,Latvian,Dancing in the Moonlight,2.55,1/18/1994,100,1556,7322,916889,485256,504
651,folk,Nepali,Melodies of Love,5.30,1/18/1961,7725,7292,3219,161814,185431,505
674,country,Greek,Summer Breeze,0.59,12/1/1968,9641,9985,9504,189335,766909,506
769,classical,Haitian Creole,Summer Breeze,5.45,9/24/1991,2233,9655,2494,659599,878217,507
330,electronic,Norwegian,Serenade of the Stars,1.15,5/25/2012,4611,5181,4917,47935,564429,508
655,pop,Finnish,Serenade of the Stars,4.55,2/29/2000,648,9107,6317,80922,118832,509
964,classical,Bislama,Rhythm of the Night,2.25,5/4/1985,7359,1883,5267,207290,519683,510
933,country,Dari,Melodies of Love,3.55,4/4/1952,9724,6192,2076,882178,699849,511
180,jazz,Bulgarian,Whispering Wind,4.40,6/11/1998,4071,9634,2417,450407,556979,512
107,hip hop,Spanish,Dancing in the Moonlight,0.59,12/30/2018,5973,4570,2897,73153,541158,513
645,reggae,Malagasy,Harmony in Motion,5.40,3/20/2010,4844,7375,4018,130385,340721,514
581,reggae,Japanese,Harmony in Motion,4.35,4/22/1994,1683,7685,9528,205903,969241,515
336,electronic,Filipino,Harmony in Motion,1.30,1/4/1957,8918,1195,7,699758,123308,516
982,electronic,Hindi,Midnight Serenade,1.20,11/26/1954,1221,4912,8258,887391,474468,517
96,classical,Fijian,Serenade of the Stars,2.15,9/12/1985,2577,2028,5290,821722,220548,518
935,classical,Gagauz,Whispering Wind,5.30,11/17/2003,8952,7697,5023,931859,473187,519
780,reggae,Luxembourgish,Serenade of the Stars,3.20,9/6/1971,6956,6661,3035,647244,646408,520
748,reggae,Papiamento,Serenade of the Stars,4.45,2/20/1985,8044,8711,7519,370908,317554,521
128,country,Lithuanian,Harmony in Motion,4.05,2/7/1956,7957,8212,9680,293081,857012,522
836,pop,Lao,Dancing in the Moonlight,4.50,1/29/1965,7319,6529,1862,544040,561308,523
892,rock,Tamil,Rhythm of the Night,1.35,4/27/1994,3675,2295,7936,835731,36284,524
936,country,Oriya,Dancing in the Moonlight,2.30,9/12/1990,7658,3913,4231,660967,837314,525
991,classical,Amharic,Whispering Wind,5.20,2/20/1968,7592,1858,3762,661229,954757,526
992,folk,Khmer,Electric Dreams,3.55,10/13/1993,165,6322,2959,20430,857951,527
737,classical,Dutch,Summer Breeze,5.40,10/11/1951,832,6612,6842,831240,247130,528
171,electronic,Haitian Creole,Serenade of the Stars,4.50,12/4/2008,3666,3074,9150,604672,146012,529
164,rock,Georgian,Serenade of the Stars,4.50,3/16/1951,2443,444,7899,57103,969818,530
468,country,Khmer,Summer Breeze,4.05,2/13/2023,614,9071,8149,138162,647831,531
340,pop,Khmer,Summer Breeze,4.35,5/21/1994,6742,6652,5170,688704,278819,532
757,jazz,Telugu,Serenade of the Stars,3.20,4/19/2012,3389,1336,4510,549766,910699,533
474,reggae,Kannada,Melodies of Love,3.05,4/19/1980,8019,180,1804,39942,803168,534
523,jazz,Tetum,Midnight Serenade,3.05,12/29/2003,8479,2767,636,7811,913156,535
761,hip hop,Sotho,Melodies of Love,1.05,8/24/2017,7752,4607,7384,64599,874601,536
16,jazz,Luxembourgish,Sunshine Day,3.40,12/7/1970,1150,8724,3664,869487,466482,537
987,reggae,Kyrgyz,Whispering Wind,0.59,8/15/1952,1713,4452,955,762918,843148,538
113,classical,Sotho,Rhythm of the Night,2.05,4/6/1992,1463,2461,4844,115273,492599,539
574,folk,Haitian Creole,Rhythm of the Night,2.45,5/9/1974,416,4939,6442,605303,85519,540
270,hip hop,Filipino,Serenade of the Stars,1.30,7/25/2006,3310,7630,3730,641300,49838,541
953,electronic,Norwegian,Serenade of the Stars,3.30,9/20/2000,2283,3095,4539,231422,465261,542
751,jazz,Arabic,Dancing in the Moonlight,4.40,1/15/1961,2606,604,9074,756826,531671,543
119,reggae,Persian,Electric Dreams,3.55,3/3/1992,6450,7800,5073,12325,617247,544
607,jazz,Lao,Summer Breeze,0.45,11/1/1965,874,660,3811,395287,110088,545
702,jazz,Somali,Summer Breeze,5.15,11/24/1977,3715,838,6436,590872,157422,546
317,rock,Hiri Motu,Melodies of Love,2.40,4/5/1966,875,6275,8808,21877,656304,547
899,folk,Ndebele,Whispering Wind,0.30,7/19/2022,1548,8596,1836,277188,722378,548
446,jazz,Fijian,Whispering Wind,4.35,6/29/2010,2836,8236,5355,184776,75245,549
290,pop,Māori,Electric Dreams,4.40,6/7/1966,7786,6237,1408,80616,83334,550
945,pop,Swahili,Midnight Serenade,5.20,4/6/1968,6083,433,2501,905315,763353,551
522,reggae,Malay,Whispering Wind,1.05,1/9/2012,7559,6125,9433,748270,644720,552
582,hip hop,Gujarati,Rhythm of the Night,3.55,12/19/1984,3126,7685,8521,305999,325780,553
410,folk,Assamese,Summer Breeze,3.05,4/17/2023,6362,1579,6670,348406,445008,554
406,rock,Arabic,Melodies of Love,2.35,11/8/1997,6195,3446,3872,970514,879752,555
560,hip hop,Irish Gaelic,Melodies of Love,3.30,10/18/1954,4827,8947,846,520588,617125,556
503,country,Italian,Dancing in the Moonlight,4.05,11/6/2005,6244,8973,2927,79886,287838,557
629,jazz,Bengali,Electric Dreams,3.00,12/28/1970,3085,3484,3524,750456,661374,558
77,reggae,Ndebele,Dancing in the Moonlight,3.30,4/20/2017,4858,9076,1522,943463,631345,559
437,jazz,Spanish,Dancing in the Moonlight,0.50,3/21/1997,2596,7666,9855,827202,645229,560
655,reggae,Gagauz,Rhythm of the Night,1.20,3/23/2001,6422,6045,9022,939404,414852,561
887,pop,Greek,Summer Breeze,0.45,3/22/1955,6287,1973,1379,576313,324562,562
137,reggae,Zulu,Harmony in Motion,1.20,2/6/2013,7318,6849,8509,517775,429325,563
291,country,German,Harmony in Motion,3.05,9/27/2003,5509,7454,3448,102630,313321,564
201,classical,Guaraní,Midnight Serenade,4.02,2/8/2002,6565,6277,692,972398,495548,565
891,country,Kashmiri,Harmony in Motion,4.20,3/19/2017,5545,9769,1321,691237,377349,566
559,folk,Māori,Summer Breeze,1.20,2/7/1984,6403,3141,2544,494974,849175,567
749,classical,Sotho,Dancing in the Moonlight,2.40,10/20/1963,6681,6096,9660,102235,17244,568
344,folk,Greek,Melodies of Love,1.20,3/28/1987,1997,7546,6594,423750,992476,569
386,metal,Polish,Sunshine Day,1.25,11/1/1975,152,8090,3764,325550,908175,570
628,hip hop,Khmer,Harmony in Motion,4.05,6/19/1951,5787,543,886,591789,176693,571
630,classical,Greek,Melodies of Love,4.20,7/6/2021,2907,5977,7496,673898,290689,572
261,hip hop,Romanian,Harmony in Motion,2.45,6/26/2002,1441,2577,5016,289920,86957,573
609,electronic,Hungarian,Harmony in Motion,4.02,10/24/1965,3958,5909,42,351661,916135,574
494,reggae,Latvian,Whispering Wind,0.15,8/12/2012,9586,5125,1460,167532,984169,575
44,jazz,Finnish,Serenade of the Stars,3.05,11/30/2004,8773,9609,3058,995795,180314,576
744,classical,Aymara,Serenade of the Stars,0.30,11/18/1997,4530,8436,9634,362656,931100,577
212,classical,New Zealand Sign Language,Serenade of the Stars,1.50,2/2/1964,9706,8053,7776,103618,750410,578
83,hip hop,Guaraní,Whispering Wind,4.30,1/17/1968,4132,8517,146,50726,171973,579
209,classical,Irish Gaelic,Sunshine Day,5.30,7/25/2023,2199,1381,5769,90806,663305,580
362,jazz,Indonesian,Dancing in the Moonlight,2.15,3/21/2002,6020,3964,487,822248,376601,581
122,pop,Italian,Dancing in the Moonlight,5.20,6/3/1957,7970,7153,1155,571609,625094,582
543,rock,Lithuanian,Rhythm of the Night,5.40,10/1/1988,9353,5243,5227,664036,876505,583
420,metal,West Frisian,Harmony in Motion,3.40,6/21/2020,5218,7928,444,797556,612541,584
796,pop,Oriya,Dancing in the Moonlight,2.55,4/28/1995,5634,3420,1863,533049,869157,585
284,pop,Hindi,Melodies of Love,4.02,8/20/2007,3218,4299,2111,587816,536871,586
722,reggae,English,Summer Breeze,3.45,5/19/1989,6395,9630,8163,156239,437659,587
832,electronic,Kurdish,Melodies of Love,1.20,1/13/1980,5595,8939,860,677313,68212,588
699,electronic,Croatian,Melodies of Love,3.55,10/27/1967,4508,8806,6482,669831,283297,589
889,reggae,Estonian,Sunshine Day,5.45,9/8/1990,9228,7674,2017,669518,746279,590
352,country,Gujarati,Whispering Wind,3.10,3/30/1959,2667,4097,9487,830820,839748,591
617,pop,Bulgarian,Dancing in the Moonlight,5.35,5/18/1956,3329,4759,8051,454219,343024,592
37,pop,West Frisian,Sunshine Day,3.35,3/12/1953,7046,625,7694,275565,939434,593
326,country,Gagauz,Serenade of the Stars,4.05,4/3/1975,9166,3735,8235,642860,572246,594
623,metal,Swedish,Melodies of Love,0.25,9/5/2012,2057,4612,5987,619616,667499,595
543,classical,Amharic,Dancing in the Moonlight,0.59,12/14/2006,8073,9024,3387,315955,228469,596
760,pop,Kazakh,Electric Dreams,4.55,7/7/2011,7204,627,5198,112847,482901,597
546,hip hop,Thai,Summer Breeze,0.45,5/13/2018,9284,491,1118,806543,781776,598
464,metal,Bulgarian,Whispering Wind,0.40,9/13/1978,2027,5645,43,844109,464888,599
91,electronic,Swedish,Harmony in Motion,4.55,6/18/1998,8778,7397,8070,759976,278341,600
155,hip hop,Czech,Midnight Serenade,0.10,12/11/1953,2105,3140,8743,384317,934203,601
143,pop,Ndebele,Harmony in Motion,0.30,5/10/1970,761,1934,7505,581587,343681,602
615,metal,Hindi,Midnight Serenade,1.15,6/19/1999,7034,4233,2438,987960,78915,603
150,country,Macedonian,Summer Breeze,5.10,9/9/2017,1770,9778,9930,851224,446212,604
678,pop,Maltese,Summer Breeze,2.30,12/22/2015,1377,1290,1862,838697,743308,605
351,country,Kyrgyz,Serenade of the Stars,4.45,11/8/1990,4546,7825,1957,392825,804469,606
520,electronic,West Frisian,Whispering Wind,3.00,2/23/2003,2568,6372,4086,796262,730,607
794,hip hop,Nepali,Sunshine Day,3.55,1/29/1952,7562,8054,9954,911946,122985,608
159,rock,Irish Gaelic,Melodies of Love,3.30,1/5/1984,1766,5248,6837,547464,376966,609
433,electronic,Maltese,Melodies of Love,0.25,4/23/1978,4480,4513,5535,362330,887185,610
552,folk,Tsonga,Rhythm of the Night,0.20,3/12/1996,4983,167,452,911905,623899,611
369,jazz,Kashmiri,Serenade of the Stars,3.20,6/19/1956,3924,4187,6816,576016,754701,612
788,classical,Hindi,Dancing in the Moonlight,0.10,9/11/1980,3649,6902,5256,458611,218518,613
467,hip hop,Tetum,Melodies of Love,0.45,4/28/2013,7044,6172,673,32997,793628,614
18,folk,Ndebele,Sunshine Day,0.10,6/15/1993,5466,3999,4205,88900,902636,615
747,hip hop,Māori,Rhythm of the Night,0.40,1/21/1966,367,7453,5075,66931,285392,616
728,classical,Zulu,Whispering Wind,5.15,4/4/1966,1912,4667,2400,903505,497269,617
593,jazz,Moldovan,Sunshine Day,5.10,11/3/2000,7540,4650,7217,285684,859629,618
75,reggae,Gujarati,Serenade of the Stars,1.15,12/1/1998,2931,4233,9533,6554,162203,619
227,pop,Tetum,Harmony in Motion,4.05,9/29/1953,5422,1616,5347,671934,299096,620
820,country,Papiamento,Melodies of Love,3.40,6/24/2012,5531,7020,5428,336264,22266,621
793,electronic,Japanese,Midnight Serenade,2.55,1/5/1966,8543,1740,6118,734917,352711,622
971,rock,Portuguese,Sunshine Day,0.45,2/13/2008,7661,4366,2479,576064,309620,623
181,pop,Khmer,Summer Breeze,2.40,3/17/2014,1433,4910,2938,57726,383251,624
184,hip hop,German,Midnight Serenade,0.35,4/18/1994,1041,36,8570,631844,507793,625
334,hip hop,Azeri,Harmony in Motion,5.05,1/5/1957,3211,4928,9446,172758,681228,626
256,folk,Fijian,Rhythm of the Night,0.10,11/9/1982,6081,5908,3371,893037,144020,627
534,hip hop,Albanian,Summer Breeze,3.25,2/16/1960,7198,7197,7058,513349,63719,628
355,hip hop,Swedish,Serenade of the Stars,1.30,7/12/2003,3130,4673,5910,504113,614997,629
886,pop,Belarusian,Harmony in Motion,2.55,4/17/1983,3148,311,3267,760373,425605,630
521,electronic,Lao,Whispering Wind,2.55,11/22/2012,7119,5387,1628,18645,380667,631
102,hip hop,Latvian,Rhythm of the Night,0.30,3/3/2001,905,9527,570,947798,980676,632
385,rock,Bengali,Whispering Wind,4.50,5/6/1991,9663,3766,5230,893090,952372,633
573,classical,Marathi,Sunshine Day,5.30,1/28/1991,3522,8294,8622,673066,849365,634
774,rock,Sotho,Electric Dreams,5.05,2/4/1958,4410,9591,3217,960361,808529,635
55,country,Māori,Electric Dreams,5.20,12/20/2021,5921,2683,550,48611,359324,636
286,jazz,Bislama,Summer Breeze,5.10,3/12/2004,6159,689,4522,255531,141820,637
841,rock,Tsonga,Midnight Serenade,2.35,9/20/1980,2748,7954,8575,857262,878800,638
751,reggae,Estonian,Midnight Serenade,4.35,7/15/2011,4424,6684,3211,764620,138254,639
563,pop,French,Melodies of Love,4.20,11/24/2003,8236,2368,9707,221325,659944,640
538,folk,German,Sunshine Day,0.45,9/8/1981,3888,7937,4196,905088,668415,641
199,reggae,Kazakh,Electric Dreams,0.30,11/5/2004,873,6746,7050,718500,438522,642
207,electronic,Swati,Electric Dreams,1.55,12/9/1992,3971,5382,6107,396152,151539,643
975,reggae,Somali,Harmony in Motion,5.40,12/27/2022,9279,5553,6319,424231,915546,644
773,metal,Azeri,Dancing in the Moonlight,0.15,10/4/1994,2177,4170,2416,84569,350729,645
28,pop,Somali,Rhythm of the Night,3.05,7/24/2000,4297,7852,7177,727984,604696,646
685,electronic,Greek,Rhythm of the Night,0.20,4/12/1975,7905,604,1517,955169,746742,647
830,hip hop,Tetum,Sunshine Day,3.05,10/6/2022,9698,5984,4392,850426,366388,648
247,pop,Afrikaans,Whispering Wind,4.02,4/19/1951,4607,6178,1940,323537,4641,649
265,metal,Assamese,Electric Dreams,0.40,6/19/1976,9549,3657,7745,244891,286653,650
410,classical,Norwegian,Rhythm of the Night,2.30,3/8/1962,6499,2026,3484,710298,379513,651
94,rock,Tswana,Sunshine Day,5.40,9/16/1966,4239,5405,6334,239415,824656,652
75,folk,Romanian,Rhythm of the Night,2.45,5/17/1952,6583,3653,1646,965773,205388,653
79,jazz,Moldovan,Dancing in the Moonlight,4.35,4/27/1997,8389,3794,7671,650188,22080,654
460,classical,Mongolian,Whispering Wind,5.10,10/31/1962,1854,3533,4497,583520,922169,655
116,electronic,Burmese,Rhythm of the Night,1.30,11/28/2020,456,8279,7842,759917,249696,656
283,jazz,Bulgarian,Midnight Serenade,0.20,12/12/2005,2423,3996,7685,313917,741436,657
750,classical,Irish Gaelic,Melodies of Love,3.30,4/18/1997,5015,3478,2377,912666,800838,658
413,country,Finnish,Dancing in the Moonlight,3.05,12/17/1985,9791,5835,4521,163353,106473,659
486,reggae,Malay,Serenade of the Stars,0.50,9/25/2018,5767,5990,4310,199259,849766,660
282,folk,Tsonga,Sunshine Day,3.45,5/10/1994,2933,7577,1584,941819,855677,661
756,classical,Gujarati,Serenade of the Stars,3.25,1/19/1978,2311,10,284,208023,704721,662
991,pop,Belarusian,Sunshine Day,1.50,8/3/1980,3944,8652,8786,533132,57625,663
231,country,Thai,Whispering Wind,0.45,1/6/1975,9590,1839,1872,598980,148180,664
897,rock,Thai,Harmony in Motion,1.20,6/28/2002,7558,9030,2155,830116,932382,665
96,jazz,Tajik,Serenade of the Stars,2.50,5/30/1974,1803,6154,5494,479832,241329,666
216,metal,German,Melodies of Love,1.50,12/23/1956,8042,2985,4451,573966,390730,667
892,folk,New Zealand Sign Language,Midnight Serenade,1.25,8/10/2023,4771,7278,8163,136122,162976,668
312,metal,Nepali,Midnight Serenade,1.15,6/2/1959,5729,2221,9680,977623,359915,669
786,rock,Icelandic,Melodies of Love,5.25,8/17/1977,789,7915,5826,794881,253511,670
971,jazz,Indonesian,Rhythm of the Night,3.30,6/20/1996,3479,791,8073,452300,874160,671
448,reggae,Assamese,Harmony in Motion,1.55,3/31/2005,3314,4734,5797,515188,179531,672
67,pop,Kazakh,Midnight Serenade,0.15,8/21/1957,5887,8907,3190,56046,981439,673
958,country,Japanese,Rhythm of the Night,1.05,8/4/1994,8000,8588,9196,334559,291708,674
491,jazz,Armenian,Whispering Wind,2.55,7/10/1962,5803,5880,6210,473642,13776,675
669,jazz,Sotho,Rhythm of the Night,4.05,3/29/1967,3561,2389,7303,858886,341527,676
539,metal,Lao,Dancing in the Moonlight,0.59,11/9/2008,473,6839,1314,312775,523455,677
623,reggae,Catalan,Melodies of Love,3.20,9/11/1960,7370,4106,5934,441380,961096,678
82,folk,Māori,Midnight Serenade,1.25,9/29/2020,3621,7209,4228,939853,372150,679
706,country,Guaraní,Melodies of Love,3.20,4/9/1964,8825,6758,240,96802,443394,680
908,hip hop,Maltese,Melodies of Love,4.30,2/5/1964,2464,245,747,407260,598909,681
665,country,Estonian,Summer Breeze,0.15,6/23/2013,3994,8802,7430,483851,173056,682
212,country,Fijian,Serenade of the Stars,5.30,10/24/1990,3289,7456,721,11541,772073,683
383,jazz,Haitian Creole,Midnight Serenade,5.05,3/14/1962,7339,1535,4678,48875,607835,684
312,folk,Tetum,Midnight Serenade,3.55,3/21/2019,6512,2784,9594,758681,386384,685
51,classical,Burmese,Melodies of Love,0.10,10/8/1994,3313,5094,3154,533641,222878,686
205,folk,Azeri,Whispering Wind,2.45,8/2/1988,6668,9113,6589,788645,863578,687
48,reggae,Pashto,Dancing in the Moonlight,1.15,2/18/1970,4614,5744,7186,52299,323892,688
50,metal,Afrikaans,Dancing in the Moonlight,0.25,10/11/1989,6751,4328,6774,422039,5760,689
573,folk,Dhivehi,Summer Breeze,0.20,4/9/1963,8789,5500,3438,789346,532268,690
528,rock,Swedish,Serenade of the Stars,5.25,6/1/1963,5478,4987,8452,338142,736478,691
546,country,Latvian,Electric Dreams,5.20,6/24/1992,5781,7823,4245,223823,428638,692
274,folk,Indonesian,Melodies of Love,2.05,3/27/2001,8101,1598,2656,460973,751094,693
407,reggae,Pashto,Sunshine Day,4.50,4/19/2006,2595,7176,5876,217641,729154,694
314,rock,Arabic,Dancing in the Moonlight,5.25,4/6/1978,9965,5308,4641,602204,413127,695
565,electronic,Filipino,Whispering Wind,3.35,4/30/1960,5835,9230,980,887466,997970,696
943,hip hop,Italian,Dancing in the Moonlight,1.30,3/21/1990,6942,9788,8428,573965,486345,697
639,rock,Dutch,Electric Dreams,3.10,1/9/1971,6435,1255,6639,979825,171139,698
748,country,Oriya,Melodies of Love,4.02,12/6/2002,9002,9056,7413,68846,428452,699
46,classical,Tsonga,Rhythm of the Night,5.30,5/6/1999,4870,9196,1284,372684,408999,700
533,classical,Nepali,Rhythm of the Night,0.55,1/6/2001,3015,101,4560,21248,453469,701
538,reggae,Papiamento,Serenade of the Stars,1.05,4/24/1966,1382,4065,9823,95207,228659,702
4,metal,Danish,Midnight Serenade,1.05,7/11/1953,1390,1417,7119,146247,507478,703
132,classical,Malay,Summer Breeze,0.40,6/11/1975,6187,1090,2400,349751,809225,704
757,classical,Hungarian,Sunshine Day,3.20,3/14/1989,2062,3884,3754,892951,123369,705
165,reggae,Guaraní,Whispering Wind,0.50,12/20/1960,6712,7636,556,828523,707304,706
491,rock,Papiamento,Midnight Serenade,3.25,3/19/1982,9789,2844,1176,478686,8879,707
797,reggae,Ndebele,Whispering Wind,3.40,5/4/1973,2159,1127,9601,163338,477994,708
361,country,Bosnian,Melodies of Love,4.02,3/26/1997,8662,2041,4948,449975,890927,709
553,pop,Belarusian,Rhythm of the Night,1.50,11/7/2016,9428,8139,5383,362028,659529,710
967,jazz,Maltese,Serenade of the Stars,4.40,5/16/2020,4491,8269,9076,465766,768418,711
469,classical,Greek,Rhythm of the Night,2.50,12/3/1998,8919,5394,6741,542872,799794,712
955,folk,Icelandic,Dancing in the Moonlight,2.15,2/17/1974,162,3206,56,873603,519559,713
298,rock,Armenian,Rhythm of the Night,5.50,9/29/1994,8476,9581,3161,152951,889143,714
359,hip hop,Estonian,Serenade of the Stars,0.45,2/19/1957,7097,9895,2189,861304,794303,715
424,rock,Estonian,Summer Breeze,5.10,7/9/1993,8495,1345,1904,344697,820425,716
297,classical,Tswana,Harmony in Motion,3.40,1/5/1997,3268,3093,584,121572,781021,717
663,metal,Catalan,Midnight Serenade,4.05,3/12/2006,7031,4398,9215,19536,114878,718
274,electronic,Swahili,Harmony in Motion,2.50,10/20/2023,2253,1973,5609,988302,465269,719
998,country,Dutch,Midnight Serenade,0.15,11/16/1989,6657,4185,5209,936910,100039,720
401,country,Somali,Serenade of the Stars,2.15,3/17/1975,1520,8432,92,915692,542461,721
46,hip hop,Hungarian,Whispering Wind,3.10,1/16/1969,3222,7874,4277,935446,914667,722
412,country,Oriya,Dancing in the Moonlight,0.50,1/4/2019,5971,2395,2917,668971,128333,723
108,country,Marathi,Melodies of Love,2.05,10/13/1999,600,8556,8704,151240,436279,724
362,metal,Yiddish,Rhythm of the Night,2.30,3/13/1981,5788,3915,6520,532762,237251,725
456,metal,Dhivehi,Summer Breeze,2.05,11/7/1978,5934,7070,3609,664815,365485,726
272,reggae,Azeri,Harmony in Motion,2.40,4/8/1998,7789,6035,9426,28715,939194,727
473,jazz,Hungarian,Harmony in Motion,5.35,5/30/1959,5323,5238,5197,35367,608291,728
392,metal,Dzongkha,Rhythm of the Night,5.15,8/27/2019,4887,3792,768,440035,828102,729
318,reggae,Bislama,Harmony in Motion,5.30,2/3/2019,9964,207,5140,374019,314758,730
553,metal,Dari,Whispering Wind,3.00,4/27/1979,6816,9371,3595,602200,540498,731
123,folk,English,Dancing in the Moonlight,5.10,1/31/1957,7205,4040,2842,210121,779850,732
942,jazz,Filipino,Melodies of Love,4.20,12/20/1980,5156,7401,4373,139182,50406,733
930,metal,Khmer,Serenade of the Stars,1.20,2/2/1962,9156,3872,1264,733255,498567,734
825,jazz,Afrikaans,Midnight Serenade,1.20,7/5/1983,9983,4437,7155,470170,48226,735
716,classical,Sotho,Harmony in Motion,3.10,2/27/1956,9639,6883,4593,653947,306607,736
894,folk,Croatian,Melodies of Love,5.10,10/27/2002,4764,8280,9862,490479,131491,737
956,folk,Thai,Melodies of Love,3.40,7/22/1991,449,9565,9838,785717,709314,738
659,rock,Chinese,Rhythm of the Night,5.30,8/6/1966,4814,1385,5131,477740,589269,739
532,jazz,Hebrew,Electric Dreams,3.00,10/31/1955,4905,9231,3488,433763,110563,740
669,folk,Northern Sotho,Sunshine Day,2.10,2/17/1958,7714,8283,1975,727533,580813,741
497,electronic,Croatian,Dancing in the Moonlight,2.35,3/17/1953,8936,3875,1592,896923,643445,742
421,folk,Irish Gaelic,Midnight Serenade,0.10,2/23/2012,7188,6711,8497,699825,42298,743
847,metal,Somali,Harmony in Motion,2.15,1/2/1962,8629,2767,3465,849197,849477,744
759,reggae,Dari,Midnight Serenade,1.05,12/3/1975,3188,9179,2135,982888,111979,745
701,hip hop,Assamese,Harmony in Motion,1.25,11/11/1975,6727,3048,5660,872521,521943,746
968,country,Montenegrin,Summer Breeze,3.05,10/28/1971,9167,1197,5783,484523,666679,747
85,classical,Swahili,Rhythm of the Night,3.20,7/18/1962,9732,3754,6911,891450,981155,748
38,rock,Azeri,Harmony in Motion,2.55,2/11/1993,4920,5139,1682,717326,367675,749
569,country,Hebrew,Rhythm of the Night,0.15,11/27/2003,2762,6559,9818,977610,693128,750
796,country,Assamese,Midnight Serenade,4.50,2/19/1963,7174,4109,6756,3242,992392,751
150,jazz,Moldovan,Dancing in the Moonlight,3.00,5/31/1982,8173,7683,2500,256916,263147,752
173,hip hop,Tsonga,Dancing in the Moonlight,1.50,11/13/2022,5211,9515,8626,872757,128554,753
21,rock,Dutch,Dancing in the Moonlight,0.15,10/16/1954,8429,1587,4040,114876,822888,754
647,jazz,Burmese,Melodies of Love,2.35,6/6/1997,9567,2669,2261,766406,453131,755
200,classical,Tetum,Sunshine Day,3.10,3/3/1955,2832,7265,6143,998420,516658,756
931,electronic,Icelandic,Sunshine Day,5.15,9/9/2004,7051,8308,341,764062,971886,757
224,electronic,Hebrew,Melodies of Love,2.25,6/23/1971,1288,7790,104,121220,66609,758
765,hip hop,Mongolian,Serenade of the Stars,3.25,1/8/2010,5825,9262,8295,196724,77830,759
789,electronic,Hebrew,Midnight Serenade,1.05,10/1/2010,9276,2303,3331,599617,321465,760
500,hip hop,Tetum,Rhythm of the Night,3.00,8/13/1977,3766,1054,2124,419581,951339,761
591,country,Norwegian,Sunshine Day,5.45,12/29/1965,4314,8523,4495,269924,223814,762
177,folk,Pashto,Sunshine Day,5.00,5/18/1994,5080,6101,9998,804072,237370,763
634,metal,Kazakh,Whispering Wind,1.30,4/30/1976,3897,4655,8895,399107,396819,764
983,pop,Aymara,Sunshine Day,0.59,4/20/1963,7649,4072,417,133356,68720,765
239,folk,Albanian,Sunshine Day,5.15,6/21/1999,7212,9911,4371,934253,466695,766
73,rock,Malagasy,Harmony in Motion,4.50,4/17/1973,7887,791,5742,458742,482052,767
928,classical,Oriya,Melodies of Love,0.15,1/10/2015,4394,932,3108,395925,789282,768
971,folk,Luxembourgish,Rhythm of the Night,3.05,8/5/1968,5499,1762,8302,316486,683661,769
579,country,French,Melodies of Love,5.45,5/14/2020,1537,847,7564,521144,211175,770
814,classical,Swahili,Whispering Wind,0.10,11/19/2000,666,5049,9656,22361,342715,771
751,folk,Guaraní,Midnight Serenade,2.40,4/8/1993,1623,2669,6232,696156,251634,772
659,reggae,Arabic,Midnight Serenade,0.10,3/16/1979,5612,2922,1300,564135,84586,773
927,electronic,Gujarati,Harmony in Motion,1.05,11/4/1963,7306,8587,393,96245,267901,774
42,reggae,Kurdish,Serenade of the Stars,1.15,6/25/1987,1733,4919,1131,519131,894474,775
808,hip hop,Kurdish,Sunshine Day,4.02,11/4/1972,6336,3476,3738,922425,754671,776
149,electronic,Kazakh,Melodies of Love,0.40,10/22/1979,7803,7590,2906,63820,186760,777
848,classical,Swati,Whispering Wind,1.20,1/29/1980,598,2924,3463,162725,832464,778
827,reggae,Dhivehi,Serenade of the Stars,3.30,10/21/1992,5848,7300,4188,551170,570728,779
221,classical,Quechua,Serenade of the Stars,5.25,5/15/2018,8386,9876,2267,236667,443858,780
111,pop,Bulgarian,Whispering Wind,2.15,4/6/2009,2973,1260,4407,534045,393596,781
246,electronic,Kazakh,Dancing in the Moonlight,3.20,2/25/1978,6551,3539,7549,614381,485519,782
104,pop,Latvian,Dancing in the Moonlight,1.45,1/6/1989,6204,7781,8460,636730,636916,783
450,reggae,Bengali,Sunshine Day,5.40,6/22/1984,5375,2058,8081,713688,88976,784
648,country,Thai,Whispering Wind,5.40,3/9/2012,6843,7246,839,923087,313775,785
977,electronic,Armenian,Harmony in Motion,4.50,4/1/1997,1566,1836,3920,931916,433567,786
944,jazz,Tetum,Midnight Serenade,2.30,9/3/2006,3407,1934,807,580330,189483,787
994,reggae,Amharic,Dancing in the Moonlight,3.00,8/17/1969,4579,7953,3156,566589,269043,788
773,reggae,Tok Pisin,Dancing in the Moonlight,3.25,2/9/1980,5735,9359,4062,795468,753111,789
509,classical,Macedonian,Sunshine Day,5.50,11/23/2016,394,9542,239,619962,232252,790
527,jazz,Spanish,Harmony in Motion,5.10,3/6/1975,4486,8056,1931,77252,494338,791
909,metal,Dari,Sunshine Day,0.55,8/16/2019,1566,5837,8404,502468,558342,792
330,rock,Polish,Serenade of the Stars,4.05,8/11/2022,7224,2687,5671,254170,348098,793
506,reggae,Romanian,Rhythm of the Night,1.25,11/1/1996,8679,9674,5386,970920,580914,794
753,hip hop,Portuguese,Whispering Wind,1.55,9/14/1990,7611,3089,7440,747950,711578,795
791,hip hop,Hungarian,Rhythm of the Night,5.20,4/17/2008,8950,6023,8097,941981,997114,796
319,metal,West Frisian,Sunshine Day,5.30,1/20/2019,714,995,4686,542478,655654,797
960,rock,Romanian,Midnight Serenade,2.40,11/16/1981,2608,4823,925,615579,79258,798
195,country,Somali,Serenade of the Stars,3.45,6/14/2017,7659,8229,7810,821986,105047,799
2,reggae,German,Dancing in the Moonlight,4.55,3/20/1964,4691,7629,4826,527259,667608,800
265,hip hop,Norwegian,Sunshine Day,3.05,8/1/1962,3084,4368,7218,699700,62347,801
915,hip hop,Finnish,Dancing in the Moonlight,5.15,12/20/1992,1534,2008,3927,460028,84399,802
998,electronic,Albanian,Harmony in Motion,0.10,11/18/2003,4734,3256,8874,634856,622933,803
438,metal,Filipino,Rhythm of the Night,0.59,6/18/2005,8480,4165,4407,660755,153035,804
695,hip hop,Hebrew,Dancing in the Moonlight,0.59,9/1/1984,8869,3498,1281,313312,528287,805
526,country,Afrikaans,Midnight Serenade,3.40,11/26/1976,3376,4963,3640,578855,476575,806
997,jazz,Mongolian,Electric Dreams,5.15,2/10/2021,4920,2540,9796,681324,611275,807
707,reggae,Hiri Motu,Sunshine Day,0.10,3/25/2011,2246,6483,5389,806284,201293,808
303,reggae,Bosnian,Sunshine Day,0.45,11/17/1964,5242,1686,1491,84070,401051,809
243,country,Ndebele,Serenade of the Stars,3.15,2/18/2008,2329,6075,1394,639151,483096,810
334,classical,Dari,Serenade of the Stars,5.15,10/25/1997,8009,8997,5460,903885,703282,811
671,rock,Kurdish,Serenade of the Stars,0.15,11/4/1963,8904,8442,1244,507806,8519,812
784,electronic,Northern Sotho,Serenade of the Stars,0.55,5/1/1961,8501,2286,5347,94724,419802,813
187,folk,Luxembourgish,Dancing in the Moonlight,3.55,8/15/1989,2187,532,971,666790,588617,814
980,folk,Tamil,Harmony in Motion,0.45,9/30/2008,1254,7939,2318,535968,160560,815
951,electronic,Haitian Creole,Summer Breeze,3.30,7/14/2016,5318,9480,2874,24194,563579,816
878,metal,Tamil,Whispering Wind,5.00,10/30/1972,670,5727,9099,289320,282378,817
517,electronic,Malagasy,Electric Dreams,1.20,9/18/2015,9675,146,2080,56987,621275,818
562,hip hop,Swahili,Melodies of Love,0.15,8/9/2010,6682,9100,6366,491439,841478,819
865,hip hop,Bengali,Whispering Wind,4.45,2/23/1969,4739,6323,1178,901015,924946,820
439,electronic,Assamese,Rhythm of the Night,2.40,6/16/1955,1034,8445,7966,35523,687485,821
184,rock,Armenian,Rhythm of the Night,2.30,10/15/1987,9338,1003,8310,357396,884350,822
914,folk,Kazakh,Harmony in Motion,2.10,10/30/2010,2621,4180,3218,48995,994580,823
290,rock,Armenian,Dancing in the Moonlight,1.50,10/3/1961,3907,5963,8084,703774,336344,824
906,rock,Dutch,Harmony in Motion,2.15,7/28/2022,1519,3490,698,829223,977504,825
976,country,Swahili,Rhythm of the Night,3.40,11/8/1964,8994,4162,4526,434481,296541,826
119,metal,Korean,Melodies of Love,3.55,1/13/1977,4118,5986,413,925821,791238,827
645,metal,Amharic,Midnight Serenade,0.59,10/16/1992,6856,4314,4396,871992,234054,828
559,classical,Hiri Motu,Rhythm of the Night,3.05,1/18/2009,6146,5144,9773,377779,843927,829
528,classical,Spanish,Sunshine Day,4.05,10/29/1952,2927,1249,5200,513064,256436,830
623,reggae,Dutch,Midnight Serenade,4.45,10/28/1973,8479,207,6829,401733,995455,831
825,hip hop,Tamil,Rhythm of the Night,3.20,4/26/1997,6588,5928,916,784313,175267,832
592,reggae,Danish,Whispering Wind,0.25,4/20/1981,1926,9308,634,970186,306762,833
240,electronic,Haitian Creole,Dancing in the Moonlight,0.15,1/20/1969,8152,1830,3839,273368,221009,834
291,hip hop,Tswana,Melodies of Love,1.05,1/3/1994,8958,6192,5571,442359,561522,835
526,metal,Thai,Harmony in Motion,2.10,4/4/1992,2267,3348,6588,115562,222478,836
283,rock,Filipino,Electric Dreams,3.55,8/19/1966,1762,8938,8259,86028,560224,837
814,metal,Kashmiri,Whispering Wind,0.59,11/9/2013,4438,8363,4537,733451,982797,838
955,jazz,Thai,Summer Breeze,4.45,12/29/2020,395,4879,8285,581336,941652,839
338,metal,Sotho,Midnight Serenade,1.20,4/20/1993,3941,5693,827,937349,579565,840
799,jazz,Assamese,Dancing in the Moonlight,3.05,9/13/2015,8156,5796,6293,89440,863418,841
155,hip hop,Malayalam,Harmony in Motion,3.20,11/5/1954,6212,8282,6058,246355,580723,842
86,folk,Maltese,Whispering Wind,0.15,12/10/1976,2386,7551,6652,879243,971784,843
438,reggae,Armenian,Harmony in Motion,2.50,2/27/1953,4819,3562,8702,358268,975291,844
414,reggae,Tok Pisin,Harmony in Motion,4.35,5/23/1975,3421,7406,8875,534102,426880,845
642,electronic,Marathi,Midnight Serenade,0.50,7/3/1958,8037,8374,7060,318794,406804,846
953,folk,Kyrgyz,Midnight Serenade,2.15,6/30/1992,4014,4695,6089,988293,96362,847
266,metal,Dzongkha,Serenade of the Stars,5.30,9/4/1982,602,5553,5601,35437,217508,848
333,metal,Fijian,Whispering Wind,4.30,4/21/2010,4860,8390,4115,93224,506185,849
609,country,French,Serenade of the Stars,3.45,3/3/1981,259,8021,5006,103269,12430,850
585,electronic,Zulu,Serenade of the Stars,0.40,11/21/2004,5708,1344,7508,545466,396894,851
578,hip hop,Persian,Summer Breeze,1.40,12/13/1952,5283,640,7014,644505,332413,852
373,pop,Bulgarian,Serenade of the Stars,1.25,4/14/1985,7708,6969,8712,721118,515251,853
776,pop,Dhivehi,Whispering Wind,5.30,7/11/1972,5046,9293,2610,728153,597728,854
974,rock,Filipino,Melodies of Love,4.02,1/16/1998,8178,9303,8461,979206,169431,855
112,hip hop,Persian,Electric Dreams,1.30,9/23/1994,1415,8940,5572,665627,663524,856
316,rock,Kurdish,Dancing in the Moonlight,5.30,9/9/1968,919,9802,1329,11697,66257,857
956,country,Estonian,Midnight Serenade,1.50,9/20/1966,5942,6362,3661,900265,895984,858
492,country,English,Harmony in Motion,1.25,8/12/1983,4168,3725,1773,888125,161952,859
80,classical,Bengali,Melodies of Love,1.05,10/29/1954,1603,3035,9255,956283,621872,860
883,pop,Finnish,Serenade of the Stars,4.20,9/29/2016,2551,6778,7549,730167,1990,861
766,electronic,Korean,Dancing in the Moonlight,5.20,10/1/2004,1959,8631,9706,384912,930416,862
253,jazz,Catalan,Melodies of Love,4.10,8/15/1972,4285,6690,4687,425243,431804,863
448,reggae,Belarusian,Melodies of Love,2.55,8/19/1994,3208,3396,2348,269361,583142,864
351,hip hop,Hungarian,Midnight Serenade,0.30,8/12/1982,6220,7546,559,486647,232489,865
835,jazz,New Zealand Sign Language,Sunshine Day,3.05,8/7/2004,633,9329,3023,607816,200334,866
581,pop,Pashto,Sunshine Day,3.40,1/10/1958,7259,5815,6104,170051,156300,867
370,hip hop,Luxembourgish,Harmony in Motion,1.20,3/3/2016,7918,4748,5961,1902,289910,868
51,folk,Marathi,Harmony in Motion,1.25,6/6/1978,398,1939,3783,675065,718181,869
671,folk,Estonian,Melodies of Love,2.55,11/13/1994,3591,3016,4965,215004,536239,870
630,jazz,Bosnian,Whispering Wind,0.20,1/14/2013,8764,6048,3833,723779,416609,871
185,jazz,Tajik,Serenade of the Stars,5.25,11/7/1970,9313,2893,7254,204719,73123,872
958,classical,Kyrgyz,Harmony in Motion,2.35,2/7/1997,4827,5498,2718,267011,542232,873
694,reggae,Bosnian,Serenade of the Stars,5.35,7/7/2023,472,4336,9949,971967,627075,874
956,country,Arabic,Electric Dreams,3.20,12/30/2010,8668,4639,1594,298252,915119,875
633,jazz,Arabic,Sunshine Day,5.25,9/7/2006,9899,2157,5073,158315,800944,876
457,electronic,Tswana,Summer Breeze,3.25,7/13/2017,5572,3016,2356,191749,229016,877
708,reggae,Somali,Rhythm of the Night,5.15,11/12/1981,7865,2458,5053,270045,103543,878
527,folk,Kazakh,Harmony in Motion,1.05,6/22/1985,7223,4680,3898,300532,525557,879
980,jazz,Burmese,Rhythm of the Night,4.05,4/2/1964,7379,5126,4333,719417,397578,880
91,metal,Kashmiri,Midnight Serenade,2.10,6/12/1990,8173,4216,6855,821933,577953,881
747,electronic,Hiri Motu,Melodies of Love,4.55,9/2/1957,5369,6022,5604,958847,758745,882
307,classical,Greek,Rhythm of the Night,3.30,9/26/2008,6121,1235,5288,236455,413132,883
649,metal,Croatian,Rhythm of the Night,0.30,11/27/2000,9904,515,8700,461521,396539,884
67,hip hop,Moldovan,Summer Breeze,4.02,7/20/1958,388,7773,2621,744482,436843,885
182,metal,Kurdish,Serenade of the Stars,0.55,2/1/2017,6777,5415,9278,815332,191331,886
796,rock,Malagasy,Electric Dreams,3.20,12/17/1968,5348,9673,1747,705585,703725,887
725,hip hop,Armenian,Rhythm of the Night,0.35,1/1/1976,3808,5501,5878,857652,601204,888
495,pop,Albanian,Dancing in the Moonlight,2.05,11/10/1961,3514,2126,532,316125,448058,889
947,folk,Montenegrin,Whispering Wind,4.02,3/13/1991,4617,1424,9758,874492,259260,890
552,rock,Malayalam,Melodies of Love,1.25,5/22/1959,5260,1331,5866,764218,810036,891
217,hip hop,Fijian,Summer Breeze,3.35,12/4/1987,6777,8736,1700,927241,196909,892
212,jazz,Maltese,Whispering Wind,3.55,9/22/2015,3136,4875,4013,165692,146047,893
755,reggae,Indonesian,Midnight Serenade,0.45,7/9/1959,1065,5177,3910,943909,674111,894
402,hip hop,Bosnian,Whispering Wind,1.05,5/17/1956,1243,7979,9362,625381,934982,895
582,electronic,Moldovan,Harmony in Motion,5.20,7/21/1985,3819,2378,4187,428017,337017,896
74,rock,Zulu,Whispering Wind,3.20,4/14/1994,8849,7670,1787,376362,492996,897
900,reggae,German,Melodies of Love,2.40,3/12/1951,2456,6097,7186,3823,668351,898
324,electronic,Greek,Summer Breeze,0.15,2/8/1999,4003,7167,9082,74431,716333,899
933,jazz,Kashmiri,Rhythm of the Night,3.30,7/25/2014,4153,6238,4932,624560,705251,900
665,hip hop,Icelandic,Dancing in the Moonlight,5.15,5/31/1952,4695,9727,3038,516908,741884,901
242,rock,Bislama,Rhythm of the Night,0.40,9/9/1972,8503,8950,9681,210435,871001,902
699,country,Polish,Whispering Wind,4.50,3/14/1976,4685,8288,877,82730,654213,903
846,country,Hiri Motu,Whispering Wind,5.20,12/26/1994,4792,2258,1090,333385,878712,904
552,electronic,Czech,Electric Dreams,5.15,5/17/1971,2684,3643,7429,641223,285559,905
535,rock,Mongolian,Harmony in Motion,5.40,5/27/1972,47,8128,5322,912293,209375,906
236,jazz,Telugu,Melodies of Love,2.15,7/23/1980,4691,9841,1851,782830,42953,907
301,hip hop,Afrikaans,Serenade of the Stars,1.30,2/17/1974,3906,9345,5715,521229,804845,908
958,reggae,Croatian,Whispering Wind,1.20,11/21/1957,6276,7614,2719,112040,301885,909
403,pop,Bislama,Harmony in Motion,1.05,11/10/1983,5903,2058,4931,650227,459004,910
850,reggae,Zulu,Midnight Serenade,1.15,3/3/1966,67,4440,3905,398269,718368,911
929,classical,Guaraní,Midnight Serenade,1.15,10/12/1970,6171,1036,3019,266132,498151,912
252,classical,Indonesian,Sunshine Day,4.10,7/2/1958,9900,9078,5011,633553,748314,913
999,country,Tsonga,Dancing in the Moonlight,0.50,9/14/1972,8326,9171,8938,383170,384004,914
299,pop,Quechua,Sunshine Day,2.30,12/17/2019,5475,5659,9865,451805,9335,915
185,hip hop,Indonesian,Electric Dreams,4.30,7/2/1991,4022,7683,5714,945045,224684,916
542,reggae,English,Rhythm of the Night,2.35,10/18/1974,901,2659,428,573571,561773,917
436,metal,Filipino,Sunshine Day,3.40,10/6/1990,2855,6689,261,823244,979700,918
735,hip hop,Quechua,Whispering Wind,3.30,11/28/1973,7856,7577,9711,615357,341060,919
747,metal,Catalan,Whispering Wind,4.02,5/8/1994,2897,7812,15,712716,850892,920
452,hip hop,Malay,Melodies of Love,4.05,2/10/1961,4797,8525,4273,732564,864948,921
211,folk,Lao,Electric Dreams,1.45,7/8/1954,5437,8003,2635,266586,209412,922
239,jazz,Kyrgyz,Dancing in the Moonlight,4.35,10/31/1959,3991,6942,540,888288,672241,923
534,folk,Guaraní,Harmony in Motion,1.40,9/27/2002,8112,4419,654,762485,385227,924
889,jazz,Luxembourgish,Midnight Serenade,2.20,5/8/1956,2826,4237,6294,530065,500880,925
553,classical,Japanese,Harmony in Motion,3.10,5/10/1953,6391,8744,4155,276646,485678,926
5,rock,Dzongkha,Rhythm of the Night,0.50,5/27/2004,3452,235,2433,161800,813174,927
915,country,Dhivehi,Melodies of Love,0.10,6/5/1993,7588,1356,8840,419537,11734,928
917,electronic,Papiamento,Midnight Serenade,0.40,7/27/2005,8311,4549,1488,928557,352097,929
948,electronic,Quechua,Rhythm of the Night,0.30,2/18/2016,2417,4477,5748,389452,748297,930
450,reggae,Tsonga,Sunshine Day,0.55,8/5/1951,9820,6751,6529,436886,122013,931
167,jazz,Indonesian,Rhythm of the Night,1.05,10/24/1999,2582,3078,2020,836155,133901,932
383,hip hop,Ndebele,Midnight Serenade,1.30,12/21/1958,7233,8946,1546,839914,953950,933
356,electronic,Papiamento,Summer Breeze,1.35,5/10/1991,7910,4777,411,820009,157564,934
485,reggae,Papiamento,Melodies of Love,2.50,11/8/1969,2201,5015,9049,504329,497319,935
597,electronic,Croatian,Midnight Serenade,3.10,10/11/1989,5496,6332,4630,662316,377059,936
32,reggae,Dhivehi,Melodies of Love,2.35,10/16/1959,9531,1121,7881,857108,220023,937
867,classical,Dari,Midnight Serenade,1.45,9/23/2005,4705,7989,5072,78293,581413,938
997,folk,Filipino,Summer Breeze,5.35,4/20/1964,3896,2608,6773,865806,779657,939
446,pop,French,Serenade of the Stars,0.40,10/21/2018,3081,1457,942,195805,645719,940
882,country,Telugu,Electric Dreams,0.45,3/24/2006,4223,2597,3481,704579,711371,941
803,folk,Georgian,Whispering Wind,3.55,5/19/1967,3188,8344,6381,160257,607707,942
411,classical,Malay,Whispering Wind,2.50,6/29/2002,4625,528,8850,244088,409396,943
115,rock,Somali,Midnight Serenade,0.50,6/13/1955,6748,2576,8566,854679,104932,944
11,pop,Malayalam,Summer Breeze,1.45,9/28/2001,5269,1445,1139,344164,202059,945
296,reggae,Georgian,Electric Dreams,2.05,3/3/1965,2173,8790,4653,327172,61076,946
405,country,Mongolian,Midnight Serenade,1.50,10/10/1979,5946,1756,8458,387420,94503,947
4,jazz,Indonesian,Sunshine Day,0.45,1/17/2020,4141,7016,4817,911525,909473,948
883,pop,Chinese,Rhythm of the Night,0.30,4/17/2013,3909,1385,7512,627742,41600,949
743,jazz,Indonesian,Whispering Wind,0.45,2/11/2011,100,4086,8783,651013,635013,950
50,classical,Thai,Harmony in Motion,0.30,12/14/1981,8240,7587,4126,381454,764412,951
725,country,Portuguese,Melodies of Love,2.10,3/18/2006,1770,6020,3989,284076,236277,952
368,reggae,Latvian,Rhythm of the Night,5.00,1/16/1956,4328,6366,2740,503706,686293,953
576,country,Afrikaans,Harmony in Motion,3.05,12/30/1961,75,1268,8507,935028,440581,954
714,jazz,Kazakh,Whispering Wind,1.25,3/3/1958,4478,3212,4743,137201,749998,955
33,electronic,Greek,Summer Breeze,5.25,2/9/1966,6495,6011,8854,188914,695463,956
103,electronic,Assamese,Melodies of Love,3.35,3/27/1957,4314,9163,5996,110931,265742,957
672,country,Irish Gaelic,Electric Dreams,5.40,7/2/2015,7075,8655,1377,785244,941190,958
290,electronic,Dzongkha,Electric Dreams,2.10,4/4/2007,7344,6395,9371,678274,270511,959
922,hip hop,Northern Sotho,Melodies of Love,3.20,1/31/1958,5771,6376,2532,376935,788768,960
189,rock,Azeri,Dancing in the Moonlight,4.35,12/13/2011,8241,1015,9608,542219,929407,961
438,metal,Pashto,Harmony in Motion,5.30,2/7/1968,5754,2732,6267,85499,468367,962
282,reggae,Greek,Sunshine Day,5.20,7/16/1952,9412,8052,5332,505115,164218,963
34,classical,Khmer,Midnight Serenade,0.15,4/27/1951,4270,9151,2681,431941,749106,964
139,classical,Icelandic,Harmony in Motion,3.45,6/30/1988,2825,198,5893,383114,422154,965
3,electronic,Amharic,Harmony in Motion,1.25,7/15/1958,3571,7271,126,982948,850554,966
671,pop,German,Summer Breeze,0.20,5/20/1980,4498,4444,4174,37243,259294,967
824,metal,Kashmiri,Electric Dreams,1.50,3/30/2013,1848,5131,2061,981714,319753,968
938,jazz,Malagasy,Electric Dreams,4.50,4/11/2010,2724,2078,6985,225514,11467,969
212,hip hop,Finnish,Midnight Serenade,0.40,12/23/1989,9172,9116,3209,40922,532379,970
35,rock,Punjabi,Rhythm of the Night,2.05,7/15/1987,1463,3434,5360,340322,423442,971
185,country,Zulu,Dancing in the Moonlight,0.59,5/6/2001,9261,1225,2534,447890,517555,972
404,rock,Papiamento,Melodies of Love,1.40,10/17/2001,8172,165,7925,65672,642014,973
100,hip hop,Tok Pisin,Whispering Wind,0.45,3/30/2010,7218,7300,3932,179674,876377,974
11,classical,Dutch,Serenade of the Stars,2.15,4/26/1996,2442,8349,1557,271850,745602,975
141,rock,Italian,Midnight Serenade,3.15,10/24/1991,1733,7287,4978,894419,283343,976
467,metal,Romanian,Electric Dreams,3.30,11/25/2002,6927,7068,7863,292728,37945,977
201,folk,Tswana,Summer Breeze,0.59,7/6/1961,9221,2386,9733,703604,200623,978
145,metal,Chinese,Whispering Wind,2.50,5/13/1984,1387,8892,1950,178126,771379,979
996,electronic,Lithuanian,Midnight Serenade,0.30,2/27/1969,8770,1125,7427,926556,278200,980
119,hip hop,Maltese,Dancing in the Moonlight,3.10,6/21/1971,9757,3993,2593,851643,778404,981
555,electronic,Maltese,Serenade of the Stars,5.25,11/5/2009,6855,235,6913,293524,135245,982
222,jazz,Gagauz,Electric Dreams,1.45,1/7/2008,7510,8203,5740,434198,168796,983
721,hip hop,Hungarian,Melodies of Love,5.00,2/10/1998,5646,1092,8230,668124,101809,984
238,rock,Croatian,Harmony in Motion,0.50,5/1/1987,5649,1286,961,909616,953533,985
551,classical,Estonian,Melodies of Love,1.30,3/22/1965,8649,7756,1080,716800,719088,986
341,hip hop,Czech,Serenade of the Stars,2.40,8/23/2015,1150,7929,6073,166021,655747,987
481,folk,Oriya,Sunshine Day,1.05,3/2/2018,8585,3691,5612,216792,841518,988
410,metal,West Frisian,Midnight Serenade,5.10,1/11/1994,172,960,6385,490884,656317,989
135,hip hop,New Zealand Sign Language,Electric Dreams,2.25,5/7/1983,2532,4400,9630,94050,80629,990
855,pop,Malagasy,Whispering Wind,1.25,4/29/1974,7877,1146,11,256206,983847,991
974,hip hop,Thai,Rhythm of the Night,2.40,4/8/2017,326,2285,3453,416711,85610,992
950,metal,Pashto,Midnight Serenade,3.15,4/19/1956,5158,4360,4261,38946,882299,993
535,electronic,Somali,Whispering Wind,4.35,2/16/2002,1530,8454,2183,906683,896075,994
779,reggae,Persian,Melodies of Love,0.50,11/1/1954,3317,5220,8629,950206,428254,995
744,jazz,Catalan,Harmony in Motion,5.20,5/12/1986,9900,4013,1711,866498,572284,996
576,reggae,Tetum,Melodies of Love,5.20,2/5/1964,9323,5967,2801,840842,933272,997
244,rock,Greek,Midnight Serenade,3.45,12/27/1986,3605,5877,9424,195599,215389,998
233,rock,Yiddish,Sunshine Day,0.55,6/13/1951,5530,4997,8888,375187,470677,999
437,reggae,Japanese,Sunshine Day,1.25,1/3/2003,6093,2273,4315,213101,980562,1000
